month_date,AUSTRALIAN CAPITAL TERRITORY,GREATER ADELAIDE,GREATER BRISBANE,GREATER DARWIN,GREATER HOBART,GREATER MELBOURNE,GREATER PERTH,GREATER SYDNEY,REST OF NSW,REST OF NT,REST OF QLD,REST OF SA,REST OF TAS.,REST OF VIC.,REST OF WA
1998-06-01,0.0072071286598145,-0.0035493390627356,0.0001918002047627,-0.0115531333333334,0.0003077974078633,0.0026070648607263,-0.0023856763677152,-0.0012066569039883,-0.0058393962945265,-0.0015775236457438,7.357042573830075e-05,-0.0016002080443828,0.011145870255958,-0.0016777907354553,-0.0084249830420038
1998-07-01,0.0,0.0,0.0,0.0,0.0,0.0,0.0,0.0,0.0,0.0,0.0,0.0,0.0,0.0,0.0
1998-08-01,-0.0042045140546592,-0.0062870085118633,-0.0031337340108192,0.0163167974358972,-0.0179528462819491,0.0088466451374659,0.0074801799023005,0.0081007038326175,0.0042807654615918,0.0028760447119519,-0.0033877861488464,0.0047511671033024,0.0069204311562224,0.0041950757409443,0.0040878368771196
1998-09-01,-0.0004898026988838,0.0062332494483052,0.0009771829339201,0.0307459256410257,-0.0271538172471219,0.0236392819966381,0.0101938822149085,0.0168701840547227,0.0090662249827476,0.0128966552020637,-0.0036798590760183,0.0111120491087479,0.0236306496028243,0.0096383115697036,0.0114140092616747
1998-10-01,0.0090413026745268,0.0224501314472908,-0.0007518179634965,0.0537823333333334,-0.0116451379335317,0.0337039049150434,0.0097561104059969,0.02968053033127,0.0168147607899347,0.0243054514187447,0.0013649940347889,0.0192315020290746,0.0134766725507503,0.0198643707574096,0.0201387519566916
1998-11-01,0.0210594217372245,0.0272840755513521,0.0049661671469742,0.064384187179487,-0.015504883788285,0.0478565171932284,0.0165963905901789,0.0410081634223908,0.0279206249933642,0.0300865004299226,0.0012080793999191,0.0287661498946932,0.0156691844660198,0.0298931697036225,0.0205444834333418
1998-12-01,0.0202638013348276,0.0285362724618614,0.0093607284240864,0.0758325307692308,-0.0021013105495619,0.0562331214393156,0.0220264921265068,0.0456676986866367,0.0320594849498333,0.0479752106620808,0.0035422268361976,0.0228611722402012,0.0281958186231245,0.0380235581997802,0.0259070551787111
1999-01-01,0.0115027933940669,0.0371439269706813,0.0119360676727844,0.0881080589743589,-0.0169013554413149,0.059603617829103,0.0346193738839117,0.0554829818607828,0.0343054896745769,0.0492232244196044,0.0112093723016483,0.0171638413725789,0.0242446288614301,0.0456606320965973,0.0416184395382206
1999-02-01,0.01304122521557,0.0388595774223176,0.0121771928560594,0.100992605128205,-0.0102690724784592,0.0708929549117735,0.0371291586357527,0.0688070706640388,0.0365867928014022,0.0412161220980223,0.0172050453817402,0.0146125756408276,0.0223468570167697,0.0476021393633369,0.043927193125489
1999-03-01,0.0194799649242461,0.042252189645956,0.0155285341776633,0.1026005435897433,-0.0011228933458838,0.0827361765599701,0.0412621307132627,0.0844922396874652,0.0394768341030957,0.0315942906276871,0.0106327182904563,0.0181354497354495,0.0230492074139453,0.0554722663446757,0.0358307513696841
1999-04-01,0.0330442777804846,0.0478632753539757,0.0162677309899385,0.0976458384615385,-0.0032388110926073,0.0917214004239165,0.0505856457444764,0.09154266676026,0.0415231481127571,0.0370054858125539,0.0085333002445402,0.016684361740381,0.0203191028243604,0.0608150773216245,0.0287468458126791
1999-05-01,0.0469647780971405,0.0531128359170469,0.0265987263638204,0.0964177615384613,-0.0151317131272177,0.1114005686709729,0.054881436783305,0.1090605401584936,0.0454735235971758,0.0468272312983663,0.0081414037689583,0.0152212287460827,0.0158859068843777,0.0652531169264543,0.0304707102791544
1999-06-01,0.0573416958152682,0.0680257252902393,0.0241549921634059,0.1101529974358974,-0.0116652878140612,0.1255621920548403,0.0595148067415395,0.1250152720882607,0.051860355311356,0.0505477815993121,0.0062407284807491,0.0273177942158523,0.005179439982348,0.0589347522283205,0.0355080475476126
1999-07-01,0.0558216056900671,0.0783421818331344,0.0263035988927649,0.1089500461538462,-0.0113071073781768,0.1452697837719317,0.0674725382605998,0.1357774164080765,0.0592799611933962,0.0520809716251076,0.0097597961282162,0.0410173724764986,0.0048903640776704,0.0645118046981336,0.0361291684059483
1999-08-01,0.0761379066595218,0.0900137087599547,0.0316602368041867,0.1093568025641025,0.0058375360220114,0.1648539752343656,0.0770713863103057,0.1454093803523274,0.0703002471731167,0.0513505073086844,0.0170151185462024,0.0532531530282013,0.0124175895851724,0.0714871796267835,0.0291516269893031
1999-09-01,0.1182493525600432,0.0983538185506532,0.0378184027883112,0.1199409025641023,0.015179477228296,0.1801543059044383,0.0857558430614379,0.1601551914372436,0.072881595317726,0.0531747893379191,0.023042451207213,0.0567370457697637,0.0213432541924096,0.0827139051591656,0.0383863126141402
1999-10-01,0.1238791411311931,0.1115518926216809,0.0436697920142575,0.1283076794871794,0.0069588813264787,0.1955773354439393,0.1031926096164346,0.1829108192419962,0.0807318264585664,0.0513263972484953,0.0305978779010365,0.0653921580109926,0.0319724518976169,0.0923698824149288,0.0425448744456038
1999-11-01,0.1373827987528624,0.1202250492756006,0.0476598289852874,0.1353026820512819,0.0242115842444428,0.2105762410706385,0.1046987783910623,0.1932444868300664,0.0925871491744971,0.0551340326741187,0.0329292856248309,0.0601886428314583,0.0418221288614301,0.1067465354994515,0.04327461648839
1999-12-01,0.1397556588882937,0.1236126112641693,0.047979194663532,0.1361646256410255,0.023218493230034,0.21555676946572,0.1068238342508002,0.1984633730133751,0.1013759443648137,0.0572703611349957,0.0310620239531219,0.0629797226074891,0.0367402590467784,0.1230929402414928,0.0421563409861727
2000-01-01,0.1513251220343939,0.1244026737667397,0.053652173138177,0.1378123538461538,0.0400287509955831,0.2325651101528333,0.118657765831845,0.2142402478106587,0.1066153463396508,0.0661120378331899,0.0354223206317184,0.0694591149124156,0.0258424210061787,0.1328535920087817,0.0354911678189406
2000-02-01,0.172602993618162,0.1369038890031114,0.054577615400172,0.1398281974358973,0.036226399246977,0.2491750769935029,0.1227180984813822,0.2299539915960281,0.1171304222540746,0.0805452020636286,0.0412411812435324,0.0821035239122613,0.0330715591350398,0.1377250600219538,0.0360830557004957
2000-03-01,0.1843973181663176,0.1501426270268789,0.0621546018504471,0.1676549205128203,0.0354943487075519,0.2606613399908457,0.1298354027509256,0.2397582717155038,0.1268444973191067,0.0904306964746346,0.0435565028705513,0.0960158678789743,0.0342881491615181,0.1512697516575193,0.0400352468692926
2000-04-01,0.1754280094509673,0.1588994255520374,0.0630517280322563,0.1801616256410255,0.035935456520165,0.2685755572267728,0.1301522746793779,0.2486578530660456,0.1296195806657114,0.087651943250215,0.0393234913949365,0.1070550850156673,0.0530436248896738,0.1589468590998901,0.0495308270284372
2000-05-01,0.1728070141764507,0.1591859694066371,0.0613254317078727,0.1679536435897435,0.0496050626312358,0.2629107990167606,0.1265398978733446,0.2476754326641455,0.131051872697351,0.0907803439380912,0.0336635093235252,0.1025407135151793,0.0702857091791705,0.1646595963995607,0.0426533547482388
2000-06-01,0.1896427091148248,0.1604531667968803,0.0616942842787808,0.1730750487179486,0.0478618528708998,0.267323580707579,0.1353335791555361,0.2425971897525766,0.1294460581302755,0.0950746517626828,0.0304473701001229,0.104546676426773,0.0780975048543693,0.1733136758726672,0.0488695887685886
2000-07-01,0.1851715467433142,0.163532957495511,0.0697094717882601,0.1781191743589744,0.0444908261530664,0.2780057673384444,0.1329318773889808,0.2455135452076541,0.1372908369697938,0.0973161220980223,0.0385355758570459,0.1150148122463654,0.0679418834951459,0.1797849537650931,0.0448287248891204
2000-08-01,0.1904890773128078,0.1757380848993244,0.0710572879063654,0.1727274589743589,0.035572618926942,0.2828707987090179,0.1431172422113664,0.2552362430471169,0.1391588988692474,0.0918339466895958,0.0416910068352746,0.1237723295833972,0.0543660953221539,0.1850519642590559,0.0449009904122096
2000-09-01,0.2033232644809276,0.1795385473635156,0.07736815397644,0.1644310871794869,0.0473927608428063,0.2858316941263367,0.1468399961628708,0.2618446896678588,0.1421547460317465,0.0846335769561479,0.0500426395233107,0.1269800035958285,0.0547867506619593,0.1893299272008781,0.0388740640490476
2000-10-01,0.216067563209432,0.189192283673945,0.0809928549218869,0.1642182435897435,0.0398559677069002,0.3001203477882886,0.157315902684514,0.2715532017872957,0.1522621683389078,0.0829296818572656,0.054463947387501,0.1317061314018589,0.0584342285966466,0.1983712839517013,0.0443028218758151
2000-11-01,0.2340702163004827,0.1996628870430526,0.0929996773092673,0.1743288256410254,0.0523928817609151,0.3153922194055181,0.1594612346699326,0.2776691398999846,0.1610862282741415,0.0797713069647463,0.0605184107492434,0.1439977890789537,0.0524582462488972,0.2095297616684962,0.0457068790764412
2000-12-01,0.2425171106347742,0.2096113294132163,0.1004102373097727,0.1744023692307691,0.0708145405835927,0.3217989340929464,0.1581638022255339,0.287698626947896,0.1794167758666456,0.0745649785038693,0.062517502982605,0.1569699753428877,0.056886890997352,0.2202028543578484,0.0463696983433338
2001-01-01,0.2585949622448483,0.2223567101169183,0.110845772410132,0.1696420564102563,0.0822697827818405,0.3282716190369944,0.1729499971959442,0.2970803865052351,0.1996618706800452,0.0697199742046432,0.0667146363198933,0.1663470067293364,0.0673215697263903,0.234024864105379,0.0458176317505868
2001-02-01,0.270556312661373,0.2283155418945405,0.1167327162015271,0.1706806230769229,0.0701579936282673,0.3368371099835747,0.1799569120707209,0.3159123944057429,0.2162243712905461,0.0878882975064488,0.0699410987852061,0.1743288436841831,0.0772743190644306,0.2374222550164658,0.0511295091964517
2001-03-01,0.2798997179324795,0.24142354414244,0.1264177345290459,0.1668320102564102,0.0610040380855839,0.3440040126636332,0.17943675976623,0.3287638265180151,0.2304321470510171,0.1052640498710232,0.0764781262647233,0.1844080428417317,0.0789572096204769,0.2415374133040615,0.0571903577484996
2001-04-01,0.2934698976957177,0.2576682576037938,0.1389485110470704,0.1682739512820511,0.0751723922959957,0.3627914572794734,0.1843054231910148,0.3468325123324407,0.2363554711472105,0.1155530782459158,0.0839805115580077,0.1840398797965784,0.0732550105913507,0.24490813532382,0.0584524367336287
2001-05-01,0.3316468884883328,0.2711297617774855,0.1514145519869562,0.1708257256410256,0.0918848997176162,0.3833163876718076,0.1907252901459583,0.3648008258257528,0.2477322359717583,0.1222396388650043,0.0842155023630142,0.1920671844660192,0.0674658552515448,0.2528694334138311,0.0637911006391858
2001-06-01,0.343329058313441,0.273916803459572,0.1634520552100711,0.1897994948717948,0.0957895655636809,0.4141364664540677,0.1950126008353127,0.3748912914328866,0.2548461853267509,0.1270383576956149,0.0908983522176739,0.2024282796527452,0.0770340957634601,0.2643985475301862,0.0659668373336811
2001-07-01,0.3397470502265312,0.2890090811025672,0.1817445664593759,0.2104113333333334,0.0935616457895879,0.4490857845720641,0.2083586125828302,0.392174638692156,0.2677813583373147,0.1352758125537403,0.1022601842294332,0.2049665957774692,0.0840113839364521,0.2820291095499448,0.0724303968823373
2001-08-01,0.358489049057339,0.3037966154035941,0.1972010971232116,0.2187860897435897,0.0906162269205704,0.4670404987363299,0.220243925677769,0.4079287678693317,0.2794144554865431,0.1434222441960447,0.1156418785469935,0.2142968012534029,0.0986686469549869,0.3003080214270033,0.0744442166710146
2001-09-01,0.3996753865640379,0.3234662025576712,0.2199237949340211,0.2250976025641025,0.1061570175946708,0.4781292439518846,0.2301368618190938,0.4270962495824638,0.2984958219992573,0.15939728288908,0.1216960885355902,0.2238361930446393,0.1089230838481909,0.3230086360482983,0.0840452726324027
2001-10-01,0.4022482315974085,0.3412095369875405,0.2372553415870368,0.2396547179487179,0.1285675258851638,0.4847380524856032,0.2485579365102787,0.4400721450943751,0.3115126581727457,0.1686555030094583,0.1334422737669152,0.2398148923819795,0.1184559585172111,0.3426132108013172,0.0863034160579178
2001-11-01,0.4092339918156576,0.3496883244925095,0.2490039294200922,0.2406190487179487,0.1450462819491708,0.4955565497370726,0.2587148744078272,0.4479588640599506,0.3315315041142437,0.1699429148753225,0.1439654302531751,0.2545827389941951,0.1241024536628423,0.3648584187925353,0.0935236446647534
2001-12-01,0.4259640609928389,0.3602948290088683,0.2618606273699378,0.2462570974358975,0.1683900470639342,0.5076479601626429,0.2668177629539982,0.458592179610687,0.3490788270425229,0.1646814961306965,0.154408231727011,0.2668979740072942,0.1331181451897619,0.383403598331504,0.100223472149752
2002-01-01,0.4408383480294248,0.3721472483791823,0.2758149462814098,0.2499782948717948,0.2077776815581782,0.5197281478090613,0.2824840218273585,0.4770966382177383,0.3655238889950635,0.1767514789337919,0.1728947522624958,0.2796820773616888,0.1313734907325685,0.4113355494182218,0.1039172309548656
2002-02-01,0.4556431290495447,0.3892770111161371,0.2884036102052686,0.2855104025641025,0.2084488603287234,0.5438658948980029,0.2863283630218863,0.5027817362721412,0.3847412417582423,0.1890000687876182,0.1869902697857135,0.3013935896645602,0.1339562749338041,0.4337840445225027,0.1044468617923296
2002-03-01,0.4780389438300777,0.4088135074084734,0.3050845399792713,0.2975249025641026,0.2151730649482295,0.5693738397888881,0.2974696215262913,0.522139320759649,0.3986010758082498,0.1966357781599312,0.2068440490926943,0.3149347079673291,0.1461142056487202,0.4465965563117455,0.1145071112705453
2002-04-01,0.4971889248307111,0.430913387337747,0.3192737633348499,0.2788606589743589,0.2123793483455216,0.5871108397158,0.308711865951386,0.5469716355309846,0.4161554922227536,0.2029059415305246,0.2190771049942983,0.3365931591924793,0.1598486610767873,0.4555860129967067,0.1196238442473255
2002-05-01,0.496631031324597,0.4369678011705525,0.3338921284569496,0.2865109384615384,0.2195419433784662,0.5985137267701974,0.3182739295886889,0.5615397239663257,0.4411389458512507,0.211217343078246,0.2306575873524349,0.3442358992140542,0.1620187947925858,0.4679729229418219,0.1254582999608661
2002-06-01,0.5125690831587666,0.4630139926257933,0.3529853128317917,0.2903969564102565,0.2376297183404533,0.6049218354574031,0.3237912913413712,0.5714546018037553,0.4576513772893776,0.2160146001719691,0.2474377887854038,0.3515924461909896,0.1606214435127981,0.48081703701427,0.1285633364857815
2002-07-01,0.5275860720027286,0.4736068229230917,0.3825567980560191,0.3122026923076923,0.252565056114691,0.6183535687825299,0.3387061655278263,0.5886580534833394,0.4822557825556091,0.2261713155631987,0.2700801045394922,0.3666398304823543,0.1709992903795236,0.5060994659934137,0.1448884838899033
2002-08-01,0.5687806493886103,0.4813797401208931,0.4048766056802671,0.3269261897435898,0.2700730482948373,0.6359451241166811,0.3464874998155224,0.608101645842309,0.5021868105855503,0.2325644969905417,0.2866493000599816,0.3865069486823852,0.1832719673433367,0.527355118331504,0.1596625127184971
2002-09-01,0.5814873483704392,0.4959512819880205,0.4242139684766671,0.3373018153846154,0.3144077069002967,0.6539738537912045,0.3610099577177935,0.6273155662756752,0.5202697281414244,0.2345818056749786,0.2987897216454751,0.4102531674115167,0.2049681328331865,0.5509702040834249,0.1647889221888858
2002-10-01,0.5937143250353196,0.5083161789821401,0.4430455807295618,0.3573250282051282,0.3301069227427412,0.6663340779436602,0.3752571410439936,0.6443174307858388,0.5408318670701284,0.239993456577816,0.3174833436818203,0.4244204186572145,0.220766973521624,0.5743162417563118,0.1737185566136183
2002-11-01,0.6283580372192725,0.5263747292240635,0.4612276849183481,0.3630805102564102,0.3430197234088767,0.672000567401532,0.3883074069127343,0.6483022640376821,0.5644071106864157,0.2467445657781599,0.3343140961552404,0.4333104561565723,0.2493532511032659,0.5847567113940723,0.1792223685755283
2002-12-01,0.6501591265162958,0.5462629099332483,0.4788883179129382,0.3741173615384615,0.3520417297806094,0.6803260393065009,0.4042514028394749,0.655554052592596,0.5881905756755328,0.2593745313843508,0.3539210599619019,0.4558439600349307,0.2751095913503971,0.5987008296816686,0.1778946442081919
2003-01-01,0.6661974287523751,0.5616156548377813,0.5104719722938471,0.3741848641025641,0.3898235645499963,0.6948903267463467,0.4219093890110538,0.6691413494280359,0.6105663038169565,0.2799520636285469,0.3801363710426925,0.480604398212359,0.3063596906443073,0.6191989534138308,0.1889871732324548
2003-02-01,0.6741378243289328,0.5751587980591307,0.5345122283103293,0.3700735435897436,0.4136123756426036,0.7048345459441372,0.433595479272126,0.682940732927012,0.6289714858523123,0.2878031556319863,0.4023647301154151,0.5071444583140697,0.3428417943512801,0.6357440133479693,0.1909826154448209
2003-03-01,0.7269179271203783,0.5950571664130926,0.5578838099752264,0.3741929666666666,0.449767090000724,0.7144093546625021,0.4552077196387193,0.6991004515682409,0.6534658972766368,0.2969665090283749,0.4313291965091981,0.5199505537576408,0.3902017943512801,0.6485225511306257,0.2015808521393161
2003-04-01,0.7524288873191409,0.6161520244801733,0.5936680050179486,0.3688453897435897,0.484273146043009,0.7332652479833206,0.476842013828421,0.7129406407060108,0.6814504819238737,0.3035752020636286,0.4595461945911029,0.5406671310422764,0.4318916381288616,0.6580750231394072,0.2223759988912078
2003-05-01,0.764596728211624,0.6274116365804516,0.6223545965417869,0.3749152384615384,0.5320093237274635,0.7521662865781654,0.4909175577414067,0.7286339682140105,0.7044110482030052,0.314302562338779,0.4823432326827627,0.5482833888118351,0.4621027488967344,0.6721248347749726,0.233760506457083
2003-06-01,0.782607646027184,0.6487204294310348,0.6584946386318824,0.3638973128205128,0.5767505770762434,0.7695277545901825,0.5079448928555613,0.7360913346145838,0.7286987974199718,0.3121088306104902,0.5124626394573966,0.5660363435557608,0.5096791575463374,0.6921981277716795,0.2312734832376728
2003-07-01,0.8186180752180059,0.6785822232273805,0.7138772777314325,0.3879376205128204,0.6328277554123524,0.7950183614597802,0.5362372008884425,0.763074681922263,0.7588212855019382,0.3049630352536544,0.5443249917278016,0.5807071171726509,0.5727823993821715,0.7157191792755214,0.2392585911818417
2003-08-01,0.8503034013738007,0.6973175904985128,0.7625851755017949,0.4157546820512819,0.6826299739338207,0.8097067194574492,0.553979136646054,0.7812110555310814,0.7842342109677767,0.3032646861564919,0.5817102334012246,0.5869500148970049,0.6227579563106798,0.7430466807464325,0.2546663599008608
2003-09-01,0.8625179378379698,0.7174562536836767,0.7988400228777999,0.4401110333333332,0.7399425725870681,0.825449996653293,0.5753803687333044,0.7955536368961458,0.8091127719382072,0.3172465864144454,0.6122131023050099,0.6087700395541169,0.66353809576346,0.7585313355872667,0.2846263038090267
2003-10-01,0.8833025015832808,0.742102687199309,0.8215506105591791,0.456552423076923,0.7575436717109549,0.8316405209707763,0.5808797420268892,0.8069836464329108,0.8318296848224245,0.343243147033534,0.6353327293639963,0.6333863245492369,0.6997418799646957,0.7798972551481889,0.3030988895773545
2003-11-01,0.888060999658986,0.7584279108241841,0.8212211076773347,0.4727387487179488,0.7574717920498152,0.8315698338571383,0.587662441815847,0.8082749639587739,0.8442695406911933,0.3550314531384351,0.6442355628720016,0.6523445877639079,0.70987586054722,0.7928575121844127,0.3149271862770675
2003-12-01,0.8938995474253425,0.7587710443137738,0.8204433786465445,0.4926688666666666,0.7464326971254795,0.8237829041726135,0.5912903133163119,0.7989113481693766,0.8564100446461755,0.3669163714531385,0.65477890451049,0.6760676909641955,0.7138980370697265,0.7995600727113062,0.322987559352987
2004-01-01,0.890681299751547,0.7720758502953795,0.8289730029324032,0.5065050384615385,0.780435573817971,0.8322226127013318,0.6032890780560514,0.7996092550673138,0.8645668581515108,0.3848512209802236,0.6783689279099351,0.6915019396928132,0.7529938349514566,0.8132246229637761,0.3397730863553351
2004-02-01,0.890036620548546,0.7806171418780925,0.832083428130846,0.5000498794871795,0.7941695945261023,0.8369502699677258,0.6044692789887688,0.8032852104623635,0.8753171324520894,0.3962587102321583,0.6860170670278748,0.7056284394102837,0.7810613627537513,0.8183830825027443,0.3507195910513956
2004-03-01,0.8902488025527358,0.791702603314281,0.8404529563552254,0.5174558384615384,0.824726952429223,0.8449038294794913,0.6159903839342372,0.8092822920670573,0.8818541102086325,0.4053205331040413,0.6944059358789292,0.722075349052242,0.8047544042365403,0.826812660636663,0.3599299246673622
2004-04-01,0.8901050226530913,0.7921852151267185,0.8472301627989283,0.5464476307692308,0.8371901086090796,0.84417377508588,0.6244458443896748,0.7982893380420099,0.8794199775972823,0.4061490885640585,0.7153244928911825,0.7286023881440383,0.8055860895851723,0.8325786190998903,0.3705405889642576
2004-05-01,0.8782069386661473,0.7963411371081596,0.847117607057991,0.5684675666666666,0.823834329881978,0.8494295463865182,0.6322765150016969,0.779666704636223,0.8721398008706274,0.4167314101461737,0.7265951843942179,0.7298260574305232,0.8129580044130629,0.8378037763336992,0.3835897439994781
2004-06-01,0.8549615360257226,0.7979466350041806,0.8425449341473281,0.5651452871794872,0.8336333111288102,0.8510931587147108,0.6423189271535881,0.7794005791285233,0.8831546163932691,0.421791049011178,0.7252062061260405,0.7354954548723478,0.8199887069726393,0.8404099803293085,0.3968393595095225
2004-07-01,0.8683703765771913,0.8141045407568842,0.8462024118383135,0.5674193435897436,0.8587523720223009,0.861635508757218,0.6587625775173774,0.7817133090153893,0.8893305644741737,0.422012192605331,0.7337032144246042,0.752016983613294,0.8313611699029129,0.8458946586169045,0.4179114968692929
2004-08-01,0.8836632781214988,0.817505848650575,0.852147807396734,0.565981982051282,0.8721776641807254,0.8647185197551907,0.6650065460676807,0.7902731534741416,0.8974030665711105,0.4215400171969046,0.7454631505540065,0.7662493697025733,0.8331971310679613,0.8524276801756312,0.429187504239499
2004-09-01,0.8808866171384033,0.8263246967391751,0.8545668104428941,0.5786822487179487,0.8598818963145317,0.869448024211697,0.6790214211396269,0.7877056807652647,0.8995242972872542,0.4144632158211522,0.7516332525228555,0.7767740858889399,0.8490640472197707,0.8621842128649836,0.4598629904774327
2004-10-01,0.8777391240804796,0.8246139490384747,0.8606590162546136,0.6165304153846154,0.8591128622112807,0.8749429529499113,0.6915810971974199,0.7843567244359025,0.9024055755693584,0.4321346259673259,0.7592556101322891,0.7891372204243076,0.8576847740511917,0.8718543369484083,0.4776970232194103
2004-11-01,0.88048633019925,0.829634949627863,0.8618481054401134,0.6442898307692307,0.8860481464050394,0.8797936486418911,0.7015421082808185,0.7829716610430411,0.906046505706854,0.4423030438521066,0.7798967322510264,0.801872686597832,0.8730038795233894,0.8817801790559824,0.4943516455778762
2004-12-01,0.883813296146539,0.8363552169085899,0.8646309473431418,0.6667965743589743,0.8963218311490839,0.883082819004682,0.7139389736418775,0.7768431088401452,0.9086541790093968,0.4501748409286329,0.7925087333320149,0.8112284625263263,0.8922309510150046,0.887433222129528,0.5131909587790241
2005-01-01,0.8771234681151656,0.8344017171758707,0.8768534925299561,0.6706894999999999,0.909469288972558,0.8860493152713722,0.7316658073466252,0.7747665767854806,0.9116322511546427,0.4564432674118659,0.8052972928489976,0.8245482370164892,0.9104903296557814,0.8930619948188804,0.5383276268588572
2005-02-01,0.8873309178155603,0.8427845966802363,0.8799647478386168,0.6766489435897436,0.926051923828832,0.8949160043007117,0.7494513040334122,0.7746007018962184,0.912219439719701,0.4647849011177988,0.8173128339694027,0.8367823619458568,0.9248544858781996,0.8948583807683864,0.555521339355596
2005-03-01,0.8972794407365912,0.8579095803007251,0.884305228398807,0.6855651717948718,0.9291951712403156,0.8961177823255388,0.7602146796735486,0.769781579859514,0.9143771892551896,0.4733375580395529,0.8237190723273548,0.8383022679406171,0.9172292683142104,0.8939740676180021,0.5833669772371509
2005-04-01,0.9006827461392315,0.8532615525583563,0.8809814359295214,0.6992102307692307,0.9218855890232422,0.907582978146386,0.7734418154783863,0.7649725806389146,0.9171369447895106,0.4826653138435082,0.8291520486049315,0.8350743622540707,0.9242433742277144,0.8980855764654226,0.6049960367205842
2005-05-01,0.9164845145418232,0.8570539353317708,0.8818096283305528,0.7292065461538462,0.8852549098544636,0.9097871110606758,0.7778648260747647,0.7616155856880749,0.9127696101820888,0.4958014961306965,0.8325302904826877,0.8357650100169515,0.9400697025595766,0.9092321199560922,0.6088530481998433
2005-06-01,0.9139782082135728,0.8608012525186068,0.8737633533040094,0.7403052461538462,0.8884321424951125,0.9123468332070308,0.7919690896412281,0.7616960584598849,0.9090825046982008,0.5047648839208942,0.8288637657946253,0.8378225617712023,0.9348502400706092,0.9185699675960484,0.6407562545656142
2005-07-01,0.9144516807132071,0.8666517964006195,0.8801733270766976,0.7489862256410256,0.903024284990225,0.917587558480826,0.817167044673032,0.7596722629242526,0.9051144852683553,0.5133972742906278,0.8341511501321573,0.8454317444906763,0.9305096359223304,0.9264860037760704,0.6582344012522827
2005-08-01,0.91471927558825,0.8670574298559426,0.8901625329895345,0.7630208794871794,0.9242210173050466,0.9227764249856713,0.8392857037441517,0.7563039504475499,0.9025318942506771,0.5213758899398109,0.8467462466631072,0.8537478743514663,0.9449168962930276,0.9352550426344676,0.677816276089225
2005-09-01,0.9281874175476204,0.8722144208232246,0.9000394601597655,0.7591754461538461,0.9178247737310838,0.9308205210477122,0.8654654261426523,0.7574670948690265,0.9064694637150296,0.5269606276870163,0.8618044367984283,0.863360076539785,0.9476978314210064,0.9394583962239296,0.7098028235063918
2005-10-01,0.9299951800068206,0.8728417713173513,0.9060524708023664,0.7567368769230769,0.9453023531967272,0.9336458131921822,0.8913404555852356,0.7558991307020896,0.9125818851197116,0.5372448839208943,0.8700582994865305,0.8732915256588069,0.9542163609885262,0.9450993455982436,0.7381333772501956
2005-11-01,0.937877969990744,0.8847222881971573,0.9083996323752466,0.7639968025641025,0.9470720918108751,0.9385839218409202,0.9207577170560364,0.7538036699117483,0.9149867354143446,0.5493048065348238,0.8710641706379808,0.8814227153644627,0.966997542806708,0.9488315179802416,0.7765752850247847
2005-12-01,0.943838640327374,0.8835722129473526,0.9087898478183932,0.7866321538461538,0.95998074940265,0.9401409488877012,0.945785226538172,0.7505939280337318,0.922287715878325,0.5477859071367155,0.8746998379835609,0.8729191441927361,0.9636542308031776,0.952147601317234,0.800320463735977
2006-01-01,0.9422848385053836,0.8868875554093507,0.9176320569164266,0.8214074256410256,0.9840429505466656,0.9437928362767692,0.985527254165498,0.7516789663986365,0.9247654272973408,0.5592647463456578,0.888929830337545,0.8751942651666921,0.9844343592233012,0.9574752782436884,0.820427136055309
2006-02-01,0.950357240220198,0.8916537911372452,0.9283728023408668,0.8643527820512821,1.0022343668090652,0.947998792069458,1.0242566279018284,0.7537626688418879,0.9318572787598878,0.5718134393809114,0.8970933038698067,0.8835185632095338,0.9936513909973524,0.9612455917453347,0.851115960735716
2006-03-01,0.9441168071320702,0.9019551970338692,0.9312022420243696,0.8907288923076924,0.9911535956845992,0.9557871174078794,1.0654137947726494,0.7518206350420438,0.9344600036099172,0.583746973344798,0.9073561259087882,0.8890351579596237,1.010821521182701,0.9673648684083423,0.8759139153404643
2006-04-01,0.9619704082428024,0.9125661826829502,0.9372718598639972,0.8930556,1.0448007218883495,0.9596735675900248,1.1003035248454078,0.7581873806815154,0.9342912928810324,0.5979784608770422,0.9138608238582056,0.8864422946524886,1.0125348464254196,0.9722001818660811,0.9093463615314372
2006-05-01,0.9530462366639064,0.9154273643378976,0.9434351415010872,0.8910826692307692,1.0254785591195423,0.969474925583847,1.134922606517215,0.7615277133548594,0.9349952202580032,0.6116026999140155,0.922259874499878,0.8906211316587042,1.0145338309797,0.9749917617563116,0.935686460996608
2006-06-01,0.9554402377356654,0.921727642995189,0.9472459528413976,0.909350817948718,1.0047786699008037,0.9701352295571964,1.1706238967517228,0.7624746661890214,0.936670180124224,0.6153553224419606,0.9332024390790504,0.904953138644886,1.0107045847308034,0.9692897547310648,0.9693115089355596
2006-07-01,0.9692079768110295,0.9253305259262306,0.9551552167071136,0.9371446051282052,1.0135047324596336,0.9764754745592544,1.2022039247184872,0.7586119668972592,0.9359486884323412,0.6111671281169391,0.9385960663225956,0.9166731833359016,1.013780984554281,0.9689891216684962,1.0030569335376989
2006-08-01,0.9813976007210018,0.933469482571926,0.9616657052302948,0.9566383205128204,1.0167457968286149,0.9850969444561988,1.210977783836833,0.7583526547545854,0.9396845593778206,0.621574969905417,0.9454179361030366,0.91753755329532,1.0085807171226835,0.976614232974753,1.027135442864597
2006-09-01,0.997664431724071,0.9424092894444672,0.965395040320542,0.9694963615384616,1.0290295308087756,0.9927401871078684,1.2239661948966185,0.7561374496173189,0.942740378828901,0.6340806706792778,0.9558425235147944,0.9240521862639336,1.0202167687555166,0.9884415990340284,1.04527505707018
2006-10-01,0.9864961382569302,0.9478015628383842,0.9724744540295264,0.9717582717948718,1.0410626225472448,0.9980068747523632,1.229025490783512,0.7538573087442935,0.9510550502733984,0.6451623043852107,0.9671020395747232,0.9284339086659472,1.0317260286849077,0.9987320882546652,1.0560885145447427
2006-11-01,0.9932869133336584,0.9568781261565033,0.9863156052505184,0.970105082051282,1.0532201129534426,1.0067808829921876,1.2269161123245618,0.7529564502418076,0.9526031322397414,0.6709506620808255,0.975861679421012,0.9346775892536084,1.0516116094439545,1.0056579686498353,1.0593806903861205
2006-12-01,0.994610801383544,0.9621410987293884,1.0030274965872896,0.9620627,1.0635547498370863,1.0128995975872936,1.227334114066028,0.7527750233578124,0.9554900409300848,0.6790189337919175,0.9875774343662044,0.9392900893820308,1.059504251544572,1.0132471307135016,1.0586892496086615
2007-01-01,0.9966227281141912,0.967993134586126,1.0194378321072857,0.9590286205128205,1.0697360640069509,1.0225880374446548,1.2285998991277909,0.7566103873766148,0.958908170090779,0.6760739294926914,1.0007021161007956,0.9495876349720036,1.059903539276258,1.02080270208562,1.079477543699452
2007-02-01,1.0221783329273642,0.9823285173458338,1.0346723629227972,0.9665579974358974,1.062145444211136,1.0352532343041352,1.229625522587405,0.7631120766426712,0.9630320418856512,0.6717606534823732,1.0069996370119898,0.9548618544203008,1.075023965136805,1.024685783007684,1.0904923017218886
2007-03-01,1.0399876669752035,0.9976802310950286,1.0545188222357047,0.9875303769230768,1.0766862877416552,1.0525846209565433,1.235622399312268,0.7730376642187353,0.967095097202315,0.6798496302665521,1.024071981768207,0.959824141367442,1.081299218005296,1.021364409571899,1.1026726884946516
2007-04-01,1.0544081960344915,1.0064461570514138,1.0758945163430913,1.021492269230769,1.0847561697197885,1.068116745846429,1.243696023332694,0.7804924429609474,0.9715566686839736,0.6968471023215822,1.035838856854719,0.9678491364873888,1.084003375551633,1.026369896992316,1.1105869521262717
2007-05-01,1.064488850294734,1.0211441281850953,1.0932380299812936,1.0196559076923075,1.1039240648758235,1.088348944748555,1.253007731150105,0.7878952273574444,0.9714276926262148,0.6904469045571797,1.045776347775075,0.987622596702111,1.0978647987643426,1.0372408086059275,1.1253580045003913
2007-06-01,1.0681075198519028,1.0366895124525404,1.1092831322362102,1.0159644487179489,1.101122812251104,1.1019923825094151,1.2530475967768115,0.7925245824397656,0.9727263959760052,0.6806826913155632,1.0510348172536297,0.9932010366260848,1.1081882965578114,1.0467663705817782,1.1396863729454738
2007-07-01,1.0803337784381548,1.0584603680250009,1.132993274622074,1.0353144538461538,1.1025573513865758,1.1231747090095672,1.2566170692454133,0.7951478569872534,0.9821756933163458,0.6818740068787619,1.0674071384126609,1.0045655514460363,1.1258228022947927,1.0530691027003294,1.1479675776154448
2007-08-01,1.0997137243630344,1.067743831572022,1.1529930430633502,1.0357832487179488,1.1216256491202663,1.141505030293472,1.2549407415251106,0.7991383018265081,0.9872324570791532,0.6908349269131557,1.0783674168330992,1.0068050521395178,1.130842766548985,1.0612782572996706,1.1571710028045916
2007-09-01,1.120262631655868,1.0907818667160107,1.1663576160953537,1.05091451025641,1.1446146137137063,1.1552389060883148,1.2596773110583093,0.8026994999733742,0.9914754151404156,0.6971894411006019,1.0931083466809035,1.0158664837930855,1.147850476169462,1.0667425292645445,1.1681143295069136
2007-10-01,1.1212711599356948,1.1146587107474266,1.184339428813388,1.0780691487179488,1.1515754521758017,1.1756685807652807,1.2617747308106668,0.8120952562581992,0.994307074958858,0.7102698624247636,1.1073095732073055,1.0255270411465554,1.1591009015887028,1.0772068465422613,1.1814994400600054
2007-11-01,1.1377761786914795,1.1279039066847596,1.2002500681910109,1.1021298666666666,1.1459932886829338,1.1842828864004435,1.262886152245458,0.8152638710551918,1.0016678955778524,0.7093931728288909,1.1100172658902006,1.0271649103611238,1.1715503834951455,1.086058308496158,1.1880502974171665
2007-12-01,1.132165229697472,1.1416186248063926,1.2124375390565751,1.1218106564102563,1.154067712692781,1.1971861687509862,1.2591816428813882,0.8102979878394141,1.0007669884801194,0.7031852622527945,1.1182847865377383,1.0428924862587965,1.1852276081200357,1.0875461324259057,1.1890909613879468
2008-01-01,1.1229002694012769,1.155633710953027,1.215410564108398,1.1277565717948717,1.1660848729273765,1.2022272277722856,1.2653931806844847,0.8119806394473514,1.0052791476349745,0.7139310060189167,1.1251894957584387,1.0583492161093129,1.1802526526919683,1.0906303553896817,1.1908148450952258
2008-02-01,1.136675437716179,1.162673780034815,1.2142712262374236,1.1313570743589745,1.1794278509883425,1.2068361700973629,1.2565412441151729,0.812810179165315,1.011084243881723,0.7118037059329321,1.1236451735843336,1.0679061961267784,1.177643814210062,1.0960371999121843,1.1863690356770151
2008-03-01,1.1330506903103232,1.179914956755349,1.212040123173568,1.1342390692307691,1.171981486496271,1.2023498801724906,1.253078985374636,0.8095194023788659,1.0073694857461384,0.7173868357695615,1.1187944466855182,1.0689818513381617,1.1804695066195945,1.0920318711745334,1.177523268653796
2008-04-01,1.139510093535344,1.183906792494209,1.206045764257546,1.151196328205128,1.1652669386720729,1.2056330875106271,1.2435108826871704,0.8047857601092127,0.9992085403726714,0.7206394668959588,1.1152058072808524,1.0757659418503105,1.174425370255958,1.092715690186608,1.1721732344116875
2008-05-01,1.13826265893701,1.174750485765588,1.1938028127053948,1.1608896717948718,1.1739885004706392,1.20515620587251,1.2327339693620032,0.7969649891319605,0.9932457546849288,0.7241379965606192,1.1067626888269295,1.0680346042019826,1.1697641421006182,1.0924864503183314,1.165219206887555
2008-06-01,1.1200290324937892,1.1656396022314517,1.1799119859446892,1.1663782769230768,1.157824594164072,1.2026927732663482,1.2245449624404134,0.7933386589952991,0.990121234219887,0.7334279535683578,1.0962151402977989,1.0697643756100064,1.1749712568402473,1.0881563411635566,1.1586213615314374
2008-07-01,1.1153619316022805,1.171145469797278,1.1731183014813693,1.172247182051282,1.1482894917095068,1.213094722627204,1.220446728774037,0.7895795600985624,0.986406781706217,0.7457680825451419,1.0882306836592777,1.0701110427903628,1.1601395088261253,1.088084841273326,1.1436609450821809
2008-08-01,1.1051241486822236,1.1650869599901312,1.176719257861874,1.1690579538461536,1.143760482224314,1.2091248452244028,1.2117460256940036,0.7909380239532551,0.982790528428094,0.7675896646603612,1.084790281847963,1.0668443206451943,1.1515287043248017,1.0889269397145993,1.1383025560918338
2008-09-01,1.1097379919130903,1.1680391305837683,1.177684831260428,1.187273871794872,1.1398567272463975,1.2094642772843205,1.2075324149559463,0.7888329884929488,0.9808496346552004,0.784559286328461,1.0804394650425468,1.0655228879642469,1.1581204254192412,1.0960889660592754,1.1420463338116358
2008-10-01,1.1186564627076536,1.1679684645750237,1.173100827708681,1.1970559051282053,1.144645932227934,1.20028864527595,1.1999175487389129,0.7869925337296494,0.9781243068429158,0.8038517540842649,1.0732551156459893,1.0687201135254532,1.1576881672550752,1.0934055970142702,1.13645245825724
2008-11-01,1.1181997315730503,1.1694046410899572,1.169943996726326,1.206411428205128,1.1397764419665484,1.1967141950399494,1.1898338514440885,0.789767498559803,0.9789759059298192,0.8198727257093723,1.077422247467257,1.0774968002260232,1.1675932881729922,1.0900661814270034,1.1266407836551005
2008-12-01,1.1135482062649198,1.1691590229861426,1.1697240196673242,1.2153556,1.154069498950112,1.1935648561877543,1.1853556449327762,0.7877904882630015,0.9838780299941609,0.8296835683576957,1.076982418975302,1.0809286227975543,1.1780315728155342,1.0889236743798023,1.1101756466866686
2009-01-01,1.1071382111365522,1.1659429400879968,1.1808125230041966,1.2238895256410256,1.1513170892766635,1.2106377388183434,1.187891557210112,0.7923666447530846,0.990696627169932,0.8340674032674119,1.080879047873287,1.0832455863769452,1.181747138570168,1.093986976860593,1.099091028241586
2009-02-01,1.1307666507526677,1.1694450628452375,1.1896302723216543,1.238060782051282,1.1653785098834262,1.2141394122874172,1.1944503681429768,0.8029088712730368,0.9947417746456446,0.8413425623387791,1.0790151865693771,1.0798084594441877,1.18434376125331,1.098224202327113,1.0971043180928777
2009-03-01,1.1315474881862917,1.177298430719465,1.196084408084332,1.2525428102564105,1.169415765694012,1.2284518097608454,1.2013010462078837,0.8161261448232792,1.003420604023996,0.8563239982803096,1.0800880925827054,1.0796303565007446,1.197181400264784,1.0951945902963776,1.0986061955387425
2009-04-01,1.124055847420471,1.1816561682909112,1.2106770603923356,1.2704516,1.1645897654043875,1.2388470722080962,1.2079174117091451,0.8252608307635703,1.0131541135000273,0.8692322871883063,1.0799806173498645,1.082518336672317,1.198521928508385,1.1043475213172338,1.1042956734281242
2009-05-01,1.1359207809226874,1.1820889504776786,1.2082654619798776,1.2802294692307692,1.1674094576786618,1.24674386009994,1.2111249480511812,0.8308307703963321,1.014629975367628,0.8864045313843509,1.0815600252450346,1.0853122761596543,1.1939966844660197,1.1175672683205269,1.1087901108792066
2009-06-01,1.1582135329078775,1.1778392584673163,1.210029613542141,1.2816081717948715,1.1800915581782636,1.263024968052409,1.2049332110863498,0.8351806083681479,1.0161210241545895,0.9025992347377472,1.0873577412614606,1.0849170796732928,1.1918407378640778,1.1195688794731065,1.1134710673754238
2009-07-01,1.1616338057192968,1.19833947914525,1.2123325188963043,1.2767498000000002,1.1924478408514951,1.2898104087214428,1.2193116387490956,0.8465123810445901,1.0166163544619635,0.9102922957867584,1.0982095944315908,1.093745147172137,1.2027391147396296,1.1164316850054885,1.1119493073310722
2009-08-01,1.179183113947484,1.1983091278424278,1.2201710896658076,1.3028461307692307,1.2031977431033234,1.3040336577972518,1.2311497656399883,0.8579788974628328,1.023170847958805,0.914551014617369,1.1016840395351748,1.100336667694046,1.211341347308032,1.1227385090669593,1.116621183798591
2009-09-01,1.199915780191943,1.215630451087627,1.2292920162166947,1.3198924435897434,1.2008284034465282,1.3206860076858868,1.239744031493971,0.8729962547139211,1.02882052264161,0.9315542820292348,1.1042170743443211,1.1006296691837465,1.2079548812886145,1.140799234072448,1.135491096725802
2009-10-01,1.23199403566035,1.2244629088367125,1.2395129930734616,1.3424615794871793,1.2026143161248275,1.3417475265524683,1.2448800084121665,0.8869745465195645,1.0344265862929347,0.9408412209802236,1.1047749424900963,1.1082882498587352,1.2153891972639013,1.1581930113721188,1.1464127856770152
2009-11-01,1.23277483655673,1.2251896730951108,1.2375278913241317,1.3643735102564103,1.222829662587792,1.3523009463488198,1.2488933760090903,0.8928588747101449,1.0432392824228915,0.9541675494411008,1.1083222925523848,1.10899405506755,1.215183648720212,1.169111274467618,1.1470523108531174
2009-12-01,1.2440737185170754,1.2341051034170814,1.239698744817736,1.3761553025641025,1.2329433791905002,1.3645637316556205,1.2509668173231596,0.8916458014997406,1.048765826511653,0.96901407566638,1.1074207762024348,1.1149193414496323,1.215240259488085,1.1797316857958289,1.1475991693842942
2010-01-01,1.2471783436449555,1.2418607678495552,1.2517776497168718,1.3712490769230767,1.2478540272246756,1.3852149161976792,1.2609180416623622,0.902167436401396,1.059640976907151,0.981361969045572,1.1138468733727498,1.1190432079930135,1.208471454545455,1.1931291845444567,1.1515359310592226
2010-02-01,1.266269707214888,1.2432760716586484,1.2497089771980383,1.3675149794871797,1.2493284816450656,1.4053143050196764,1.2694866962322346,0.9137702324646968,1.0622937574454536,0.9886662166809974,1.1137501611595575,1.119284438280166,1.2160987939099737,1.197411588935236,1.1586692730889645
2010-03-01,1.2729610961173097,1.2484863164603808,1.250432352368674,1.3698264256410255,1.250767160958656,1.4218807542401248,1.269212624891158,0.921534742337911,1.0619977130647138,0.9922985726569218,1.114227111717519,1.1220549021420865,1.2261891871138573,1.206025404083425,1.1580490060005215
2010-04-01,1.2743840736590837,1.2502268434831476,1.2483731392512265,1.3844656205128203,1.2475351270726232,1.4331649226987544,1.2673395022801397,0.9314085928188642,1.0612021675956895,0.997988211521926,1.108354652798376,1.1128056716494577,1.247560375551633,1.2187481844127337,1.152819190255674
2010-05-01,1.2864820027281143,1.247438475540387,1.2460353178876586,1.3932416,1.2384848468611975,1.439518631273634,1.2708224799657606,0.932665848360596,1.062566181929182,1.009352278589854,1.1015706075946032,1.1092985020804436,1.2424881619594,1.220515597189901,1.1433318992955908
2010-06-01,1.2888203181176012,1.2384179989582904,1.2413770339122303,1.3870111025641023,1.2424222713778872,1.438392590236078,1.2596264434244897,0.9254960886677088,1.062446651005999,1.023046018916595,1.0869263178501511,1.1069646684132115,1.2389469338040602,1.218796745993414,1.1352747289981735
2010-07-01,1.302172590246992,1.2545483277821183,1.2336131936649983,1.394352817948718,1.2492702396640358,1.4472145886050387,1.26452174950929,0.9322739943069868,1.0638175821521478,1.0426814617368874,1.0833451107024448,1.1093595895618222,1.2333504819064434,1.2253683779582876,1.1352640617662402
2010-08-01,1.2973072631168705,1.264841270337322,1.225963237777441,1.3897817051282049,1.2478909383824488,1.4567540855218366,1.2614170822326185,0.9323024098969348,1.0658640919467013,1.0611143938091143,1.0808634380705673,1.1111860425335178,1.2248771699029128,1.2350389361141605,1.1331621738846855
2010-09-01,1.2866313236225464,1.2664156928053512,1.223320037539815,1.3934790974358973,1.251947782202592,1.4613406373361748,1.2615804408270486,0.9302281191756746,1.0646870079099648,1.0636029836629408,1.072656546637401,1.1159457533261414,1.224077486319506,1.2426667369484083,1.133488443125489
2010-10-01,1.2913166658547282,1.2755932180599534,1.216352001870671,1.3983640153846155,1.2564840540149156,1.4623240353981626,1.2601266757921452,0.9316454882387964,1.0691872276901848,1.0686628804815137,1.067980542273899,1.1192151327888218,1.2272368495145634,1.2506534955872666,1.1297406841899296
2010-11-01,1.2895592224874557,1.2685942226242857,1.2075104060493451,1.4144882487179486,1.240442233002679,1.4614577833257043,1.2553581129444056,0.9357540161398852,1.0717419443117275,1.0751506104901118,1.065411161667095,1.1162605630040578,1.2340717740511915,1.2535032861470914,1.121871419253848
2010-12-01,1.27531170360988,1.2626613509327411,1.2036484226957886,1.422208782051282,1.2373162805010498,1.4563835031178234,1.251594040422674,0.9367654260803894,1.073554841906886,1.0785172742906275,1.0582830184624918,1.111456166846458,1.2376062555163283,1.2574447048079036,1.1149910915079568
2011-01-01,1.2527079008135629,1.2636786729169236,1.20474566882805,1.4063828,1.2413901404677432,1.452946824205542,1.2517668083206654,0.9400561029486512,1.0723186820619,1.0746576956147895,1.0528382302109909,1.1123236451430625,1.2383305772285969,1.2596330824149284,1.1159493386381425
2011-02-01,1.233794455107907,1.2578978357114463,1.198528743680166,1.400835335897436,1.248078724929404,1.462304011124917,1.2501727070204691,0.9416382384578516,1.0748566687901475,1.071242218400688,1.0485840070396075,1.115109383058509,1.23737559223301,1.2627785930186606,1.109860054135142
2011-03-01,1.2139307093096898,1.2589930354866563,1.196870448202639,1.4012833256410255,1.2545814068496124,1.4697995490408031,1.243816796292743,0.9462077079329424,1.0773436216488828,1.070207179707653,1.0477158443244807,1.1143228119381516,1.249537054280671,1.2656369225905597,1.1041881819071224
2011-04-01,1.2426235699322847,1.2519014455089983,1.1905519137721825,1.401083182051282,1.247238014626023,1.4714597042587818,1.2409169004117533,0.9473842160246696,1.075927746031747,1.0684152794496993,1.047979914905117,1.1103626074895976,1.2304718724624892,1.275298606190999,1.0987579986303155
2011-05-01,1.2541794100453063,1.2425226876105102,1.1821191697001872,1.3849948948717947,1.2416442422706535,1.4737216717380186,1.2326949775675553,0.947752846554904,1.0699510121569251,1.0696999054170249,1.0445464117775007,1.1054392792931629,1.2218712753751104,1.2779084450493965,1.0964437506522309
2011-06-01,1.2664539518682714,1.2301796618556136,1.168815099284595,1.3755103666666666,1.2283196329013104,1.4599441852691029,1.2290478166737997,0.9424190665104636,1.067908671869194,1.0696822269991402,1.0416591300020437,1.1059714748035132,1.2037013746690208,1.276610718243688,1.0924771037698928
2011-07-01,1.2749606981049355,1.2308013035075456,1.1632679396708632,1.3662179230769227,1.2337851401057125,1.4569994923006504,1.2216988069481542,0.9450534186639812,1.0643086291341517,1.0634480051590716,1.0357996053073897,1.103523079056865,1.1957291301853488,1.2745602322722285,1.0983285752021916
2011-08-01,1.2724878136113411,1.2274356216675577,1.1625419593381872,1.387626253846154,1.209809403374122,1.447210927230273,1.2207872271580154,0.944472502408396,1.0589235797101453,1.0528346087704217,1.0324109386143574,1.0991523788976214,1.2092782369814652,1.273147505334797,1.0951537597834593
2011-09-01,1.2818596536269304,1.223705153994819,1.157944198897821,1.4062864564102564,1.1874193309680687,1.446207488584651,1.2233917163771597,0.947417665235345,1.0601841932898024,1.0443039208942393,1.0272924425065748,1.0874699419530485,1.2113497771403354,1.2709943067398464,1.098430446451865
2011-10-01,1.297637590977737,1.2206780371999946,1.1605269164897114,1.4187836923076922,1.189549393961335,1.449289518997373,1.222165826015732,0.9510510321006536,1.0602276425120778,1.0532210404127258,1.0230492452195918,1.0856204987928284,1.2056144192409533,1.2773438075082326,1.0977475440255673
2011-11-01,1.2867868266186002,1.2138810754279916,1.1637843521537996,1.4102119051282052,1.1829962558829918,1.4426888646199183,1.2212830223291369,0.9520085677424974,1.0604471916441052,1.0547654772141015,1.0242693929986224,1.080307228129655,1.1998150366284204,1.2843061783534575,1.1041072146490998
2011-12-01,1.2862778696351151,1.2130618735693628,1.1658244207240005,1.4148541384615383,1.1922630330895665,1.4436466284039289,1.225202018403459,0.946449212950636,1.0616921017677978,1.0663921324161652,1.0245193637328376,1.084519940411979,1.1960068530450134,1.2927439896377606,1.106109892381946
2012-01-01,1.29617898767477,1.218824556656661,1.1683256439279035,1.4351509487179488,1.1947560712475562,1.4530440862142588,1.2285571694535042,0.9495168098795072,1.068390742634178,1.0749417110920036,1.0316632212796528,1.0919161699285969,1.1982214889673437,1.2954480581339185,1.10715967355857
2012-02-01,1.2970578969162567,1.223177240840495,1.1643357992062289,1.4580674333333334,1.188836586054594,1.4552570790553825,1.2323894402957538,0.954648982373928,1.0663987899877905,1.0850192691315566,1.0344055993224046,1.0931559449324495,1.1910215273609888,1.297723648474204,1.108232883511609
2012-03-01,1.284874727919326,1.226573685732692,1.1588087101218467,1.457556794871795,1.1781225950329446,1.4539281061098577,1.2378441696306024,0.9547818920070288,1.066954431597389,1.0924331298366294,1.0355515878006496,1.0901490044691011,1.1891941526919685,1.3004971661031837,1.104446696451865
2012-04-01,1.2784990300579726,1.22628315199364,1.159137634802063,1.464186474358974,1.1776418304250234,1.4536422583350324,1.2383778682536637,0.9536309102043384,1.0664399077878648,1.106384170249355,1.035219928747042,1.0878918682899263,1.17365326125331,1.3006787421295278,1.0941991132924602
2012-05-01,1.284721136551859,1.2201727309236947,1.1535038752591134,1.474649617948718,1.1821675468829194,1.45187681801221,1.2406899050310658,0.953103016522324,1.0708648865530608,1.1142283147033534,1.0252481167072036,1.077059398982894,1.1629551910856135,1.293443161273326,1.0907285213931646
2012-06-01,1.2813051361621282,1.2149607819674604,1.159499794858183,1.482127758974359,1.1812141742089637,1.4527188719672872,1.24091626676899,0.953166377820486,1.0699315581037323,1.124636818572657,1.0210285089609985,1.0636660836287046,1.161766172109444,1.2939124505817785,1.0992492244977825
2012-07-01,1.2967937915915628,1.2180649263264662,1.1635080447697057,1.474133582051282,1.1808413561653752,1.455079503725616,1.2528218201272154,0.9536380365398484,1.076212269788183,1.1373843938091146,1.027083503984497,1.064445219088714,1.1564284748455431,1.2973501065203072,1.1111882712627184
2012-08-01,1.2995979899644374,1.2230546079197335,1.1631337365387533,1.4697265435897435,1.1739776026355802,1.4587284138915289,1.260897343673903,0.958137515309654,1.076395002760525,1.1464599484092863,1.0289624114611138,1.0611072414855909,1.1466496716681378,1.2992464933479693,1.1119618842942862
2012-09-01,1.300136679495299,1.2132717378729936,1.1647261172834826,1.4766467076923075,1.1689810136847438,1.4542829586431607,1.2784481938930616,0.9625487630767444,1.080177108456761,1.1575708168529666,1.0234756444734463,1.05925204191709,1.1483197188879084,1.3049491903402857,1.110978347573702
2012-10-01,1.292742870853023,1.209291440574585,1.1657858380732091,1.4934813384615384,1.160872744189414,1.4642909292690716,1.2905466212606442,0.9705241066665375,1.0849549567340877,1.1640385984522787,1.0257594026879695,1.065530636461704,1.1536530472197708,1.2993782661690447,1.10747474595617
2012-11-01,1.3044678564817072,1.2060304043477663,1.1668168478563123,1.518035223076923,1.167482254724495,1.4646496803317477,1.2873386318422644,0.9741198221901638,1.0845366064659985,1.1830539982803097,1.0340541737359354,1.0736553469974828,1.1552155348631952,1.3037215654006586,1.1039797296504044
2012-12-01,1.3140865883957715,1.2109663011088725,1.171105260566763,1.5316949256410255,1.1725488892911444,1.4642216003800632,1.2957169373072208,0.9750482155115237,1.0819878308117008,1.201050120378332,1.031381526830265,1.0804385914624746,1.1581602983230364,1.3141020311745335,1.096371502087138
2013-01-01,1.2951111233984514,1.2135567058678398,1.1798573202007183,1.5555517743589742,1.179665035840996,1.469672771381421,1.3047589210289403,0.9858490588616876,1.084428499708022,1.2049422269991403,1.033956744576931,1.0891834067909791,1.1548248596646076,1.318922799824369,1.1012553515523087
2013-02-01,1.2870722784625133,1.2195541986375535,1.1868637306613077,1.5696875974358977,1.1822224342915066,1.4772228887469856,1.315409358978143,0.9968582552561128,1.0896511636672508,1.1972802063628547,1.0366967495204762,1.082100243488981,1.1568856407766992,1.3190834614270033,1.104234885533525
2013-03-01,1.3005208520485216,1.2218309596063437,1.1895450362758482,1.5808984717948715,1.1792707921222214,1.4821726714418155,1.3277447426910078,1.0015532426453144,1.086202317672666,1.197391599312124,1.0379828497887456,1.0800758421944827,1.1581609933804062,1.3277950556311744,1.1037813220714845
2013-04-01,1.295880236761339,1.2319055835629205,1.193275009416553,1.5707698435897437,1.1911459351241762,1.4884042360082632,1.3387869710296785,1.0178469314853629,1.0879938182831663,1.1855668357695617,1.0438249228477454,1.0740204587250215,1.1574675308914388,1.328869402502744,1.104667352595878
2013-05-01,1.3025860189019345,1.23008008703757,1.2015963679913042,1.5653478,1.195403962059228,1.493942848278754,1.3421148259271831,1.0285144058401792,1.0875934229442064,1.1750277987962168,1.0461884521431912,1.0689232860738684,1.1604760882612537,1.3275099271130626,1.0997330439603443
2013-06-01,1.3114084639742782,1.2278617580218487,1.207238317028161,1.5486417384615383,1.1977573253203966,1.5051967691195087,1.3423650732006072,1.0417507814338065,1.089462495779583,1.1750962596732588,1.0449784827272546,1.063849397955514,1.1526919161518094,1.332165092601537,1.0935294785416123
2013-07-01,1.30478070930969,1.232033190920679,1.2033466526998335,1.5317444666666664,1.196216499891391,1.5146567079555469,1.3395688108590738,1.05605326960967,1.0920014255985566,1.1756490971625109,1.044163249424901,1.0656273046694404,1.158003774933804,1.335895752799122,1.0911466596008346
2013-08-01,1.3220692283334148,1.236111853009307,1.2059644997851255,1.538967097435897,1.1878441698646005,1.523699865554688,1.3475068895644855,1.073199771020821,1.099599804108935,1.1774440756663802,1.0558594773025385,1.0757076313761749,1.1572289527802295,1.338902783139407,1.092650682885468
2013-09-01,1.3224010849125545,1.240450794577628,1.2176291248925628,1.556306876923077,1.1794671088262978,1.5308125038756415,1.3575794720996468,1.08610890254588,1.1088361658969053,1.1736167411865863,1.0631300754055353,1.079445225252992,1.161580966460724,1.3488844656860592,1.0965720515914426
2013-10-01,1.3089441623227946,1.2465872947078416,1.2272802462207395,1.562094394871795,1.178902501629136,1.5364808208665282,1.3621134110597852,1.1002741562383511,1.1150539089026918,1.1645131384350818,1.0656856880425538,1.0834876776082598,1.160364410414828,1.3596648404829856,1.0974850854422122
2013-11-01,1.307386172845521,1.2507734373672164,1.2314425652206888,1.5309866256410256,1.1953173238722756,1.5427882597121834,1.3682544886288164,1.1105598706001385,1.1240426482454748,1.1532017368873604,1.073011061543836,1.0940402994811729,1.1641259285083851,1.3655031873545556,1.09647390588312
2013-12-01,1.315660057972427,1.256536376358677,1.239656310480813,1.5210699358974358,1.1919524820795018,1.54233943202145,1.367493800897298,1.116166553839153,1.1258297209215908,1.1508777987962169,1.0723992991371865,1.0970723475625412,1.1665403733451016,1.3703597413830952,1.093399827811114
2014-01-01,1.3134422731037172,1.2684775215537918,1.2471257234946154,1.5261936282051285,1.1941844667294186,1.550933933342822,1.377199216709219,1.12750396884334,1.1283921495991938,1.1533271195184869,1.074207610092741,1.0909237869214563,1.166135072374228,1.3754267339626782,1.0910690578528563
2014-02-01,1.3251091688994985,1.2677967083350468,1.2522292735982608,1.529375156410257,1.1887275048874084,1.5596740195109198,1.3843994804380229,1.1423742721318295,1.13302721303817,1.1583136801375753,1.082517359619808,1.093945488775877,1.1635222855251546,1.3774968449615808,1.0919917750456558
2014-03-01,1.3243460793101771,1.267693762901435,1.257342832928864,1.5449786153846152,1.1982551111432913,1.561814034013318,1.3837029168080988,1.158628929461826,1.139442986303552,1.1716009286328462,1.0875105187426255,1.0987698171264189,1.171479858340689,1.3757570955872669,1.098442530980955
2014-04-01,1.334818193111512,1.2710131785846457,1.261768249153142,1.5654979256410255,1.220620843530519,1.570604608954559,1.3773805618441823,1.17200145442927,1.144929914742263,1.1800923215821153,1.090277423160836,1.1093035280217802,1.1685909135039718,1.3755513585949504,1.0962495975737017
2014-05-01,1.3240162688166806,1.276743484792412,1.2654618314247434,1.5672077820512818,1.2228416602707983,1.5760220901918396,1.3807802835047742,1.1835312856720996,1.1457979519562569,1.1726427858985384,1.085700843434643,1.111363268608414,1.163695681376876,1.3759133233809002,1.0919809783459429
2014-06-01,1.3316530194378138,1.2713516602930497,1.268576467844684,1.575794748717949,1.2290773086670046,1.580707190843102,1.3812312499446564,1.186151383266608,1.143296631257632,1.1628985296646603,1.0872938715205684,1.1072061149637846,1.1629707383053842,1.37550580039517,1.078218852726324
2014-07-01,1.3324721737224146,1.2776176477925354,1.267552802530462,1.5767047871794873,1.2416634624574614,1.5841342158510834,1.3818855079767998,1.1950909268089598,1.1445351231618626,1.1606582201203786,1.085353268078543,1.10813120665742,1.1603717934686673,1.3765411851591656,1.0644813263109836
2014-08-01,1.339446987382472,1.2783149929410471,1.2717003678775471,1.5703952897435896,1.229291372094707,1.594490037852415,1.3787417059726383,1.212802993575996,1.1471099080002127,1.1541123559759243,1.0800952075959211,1.108517578466122,1.158939339364519,1.375404917058178,1.0634366364466472
2014-09-01,1.3402129824134072,1.2827930830489194,1.2786777780727032,1.564336753846154,1.2254621178770544,1.60032152752186,1.377643494738706,1.2264489452918876,1.1561554588310246,1.1491604557179709,1.079674521168258,1.0994667200904091,1.1805384836716684,1.3714580706037325,1.0634575273936864
2014-10-01,1.3506604705996983,1.2879370510026455,1.283449470018707,1.5611353128205128,1.2235259452610237,1.6056289131664083,1.380851151286176,1.2423266367170287,1.1632368562934654,1.14256777300086,1.0809542677291994,1.0977771947398158,1.1889935172109447,1.3813419247420415,1.0557217818940776
2014-11-01,1.3410091002094808,1.2914801171923187,1.2868910753197838,1.5503663871794873,1.220428250669756,1.610585481329605,1.382223307014566,1.2502158389690607,1.168540655571482,1.1311580137575237,1.0834041976626918,1.100798256023013,1.1979549082082968,1.3868788061470911,1.051651429689538
2014-12-01,1.3556533356067622,1.2897911380676286,1.283999072437939,1.5607250487179485,1.2134712432119323,1.6139281209969347,1.3761091350226533,1.2587493346533116,1.1757747723629033,1.1242235855546,1.084583561922841,1.0927399645554012,1.1922116950573702,1.3926845464763995,1.0499478835116096
2015-01-01,1.359696992254105,1.2991408946365666,1.2874812509479754,1.556826823076923,1.2322976967634494,1.6234674930853954,1.373002241473457,1.2674229489904096,1.1816961471041043,1.115996294067068,1.091324804268586,1.0916893275800068,1.1971153609885263,1.3970738305159167,1.042811625684842
2015-02-01,1.3682845233107617,1.2995676979590718,1.2937108798473131,1.5449301999999996,1.2334630931865902,1.6377948205664787,1.3657504345548193,1.2886858168457025,1.181944257843606,1.108640429922614,1.0911409520607989,1.0969066343042069,1.206938313768756,1.3958632749945117,1.0359961518392904
2015-03-01,1.3636740989915723,1.3073606586071245,1.3024520404216595,1.5329412410256409,1.244580370718992,1.6523253642717837,1.3659983164598055,1.319400953095576,1.1885457851037855,1.1012137403267412,1.0960550208617588,1.0942965824215336,1.2011032312444838,1.394284228759605,1.028541512522828
2015-04-01,1.354517105275978,1.3119865393313868,1.3100815314222154,1.5287672974358977,1.2647793758598218,1.664935646433833,1.3669588057674993,1.347494010669558,1.1898601622339016,1.0914210146173688,1.0938717321521554,1.0908265885858115,1.1896085582524274,1.399403674467618,1.0241391097051915
2015-05-01,1.366226759877235,1.3216205636196665,1.3164988744375348,1.538356217948718,1.2611147266671492,1.6831434371838423,1.3612151545920097,1.3723093378483702,1.1936929864097257,1.0861332846087706,1.0921420899988794,1.0871558534956591,1.188338402030009,1.4032068140504943,1.018052054200365
2015-06-01,1.37250566132411,1.3215336103458202,1.3232631226932607,1.5439431692307692,1.250298704655709,1.6966470945964147,1.3504091371625906,1.3850071142814264,1.1997934425333123,1.0811539208942391,1.090667652014,1.084960643139672,1.1798873120035307,1.4024011573216248,1.0111540060005215
2015-07-01,1.3823266317533012,1.32373455391532,1.3289952459047474,1.552719292307692,1.2506022438635869,1.704041852190939,1.3418700909842234,1.4010827753922412,1.2096988242819986,1.075905683576956,1.0937938702682033,1.08573355987055,1.189321239629303,1.397693165839737,1.00849751043569
2015-08-01,1.408588308082039,1.3266180777718382,1.3308479556600434,1.5547446384615382,1.2629533248859603,1.7147356051962437,1.3451593366932804,1.4107500760520697,1.2181101806020074,1.080884006878762,1.0982580829592716,1.086415966507423,1.1938288420123566,1.4023899050713502,1.0074349654317765
2015-09-01,1.4261738135139088,1.3367966557013038,1.3379580598109104,1.561893584615385,1.272419775541235,1.7247067264586071,1.3416759798698328,1.406232380270031,1.224778811010246,1.0846223301805675,1.0966201116581962,1.0915660748959777,1.2007168433362756,1.4070957155653128,0.9972940510044352
2015-10-01,1.4065126716032543,1.342920850775114,1.3409862701602706,1.5580101923076923,1.2818081138223154,1.7278725318802732,1.344598641508877,1.3959277815161029,1.2318622604979568,1.0837617626827172,1.0969963531141034,1.096514656084656,1.2032841831421008,1.413339618002195,0.9854071976911036
2015-11-01,1.4136846850489602,1.344169804131201,1.3415782850498004,1.5388398512820514,1.2844799384548546,1.725171201121724,1.3340252097876293,1.3829844307229058,1.236180915220046,1.0810997936371454,1.0966583876793683,1.09676848204654,1.2115262343336275,1.4122454848737651,0.9780663269632142
2015-12-01,1.4163240273785749,1.3434819793851172,1.3387163834116995,1.5139750102564102,1.284448663384259,1.716339375319765,1.3197758627636182,1.378187646064995,1.2343591302755224,1.0828383490971625,1.105348274307409,1.1025613381620174,1.2087138848190644,1.402756779626784,0.9768558012653276
2016-01-01,1.4277362220490089,1.336274192606604,1.3451164727109564,1.5050568615384616,1.2769783295923538,1.7064335354308602,1.3192262754763202,1.385292309639878,1.2430510090247924,1.088891943250215,1.1066843066843317,1.1053394873375453,1.2118152634598416,1.3869141623710208,0.968522008218106
2016-02-01,1.4237608652019291,1.333514040599257,1.3495859271828707,1.5003901615384616,1.2927162667438996,1.692811518828114,1.3169183531339006,1.3942540023430423,1.251220062695759,1.094983267411866,1.106190639562859,1.1071826311193298,1.2019880970873789,1.3669945800219536,0.964732853835116
2016-03-01,1.4178392979977592,1.3400301407678494,1.3499558823120483,1.4839852846153845,1.2899911078126132,1.689348600422378,1.310815907038179,1.4032999915766633,1.2542150711365934,1.0920114015477216,1.105453875541318,1.098605206760158,1.2013892237422774,1.3554561102085625,0.965044558439864
2016-04-01,1.4404178418668097,1.3423508133558122,1.3512612496840084,1.4793398179487178,1.290323039606111,1.6934848113341832,1.3096957140748826,1.4103327134274743,1.259224580878059,1.0913425365434222,1.1052474475489904,1.0892833323059534,1.1992818759929391,1.3471982607244786,0.96284688820767
2016-05-01,1.4374521795683737,1.342750807873131,1.353727762083523,1.472004253846154,1.3089375867062485,1.703168841885389,1.3053344198556642,1.4179883190604592,1.2658126249402777,1.0921936801375751,1.101480266687759,1.0857400374993578,1.2109608526037072,1.3446966881229416,0.9544065249152098
2016-06-01,1.4426656077361528,1.3436768824101866,1.355414737726882,1.4720669102564106,1.3174000050684236,1.709430246386903,1.3060053512448526,1.4285560689164392,1.2735857723098165,1.0921654686156492,1.107358914595321,1.080732358863718,1.209607882171227,1.3433597331284304,0.9344838781633183
2016-07-01,1.440242524967117,1.3469192835505843,1.3649791303908183,1.4775622256410257,1.334999474332054,1.7186564870728618,1.298038487654776,1.4432429699519282,1.2794672983489943,1.0926210834049872,1.104323539512105,1.0804055550418654,1.2106129942630186,1.3452221804610318,0.930229209822593
2016-08-01,1.453800114970527,1.3546267844072537,1.3757052092497093,1.4827407230769232,1.3281506465860544,1.732702126582474,1.299173053837866,1.4561052278899542,1.2852967075436648,1.0918283490971623,1.109459186226625,1.0811397056557248,1.2132892021182704,1.349654782173436,0.926093771849726
2016-09-01,1.4638584625127882,1.3636264257028112,1.3787147980812988,1.4784966307692309,1.3304370096300049,1.750144580565247,1.2930178311368228,1.4685631739031504,1.291668247544726,1.0888853052450558,1.109746523963009,1.0844734941182512,1.2163663971756402,1.355255630208562,0.9264491439472998
2016-10-01,1.461983580162713,1.3633917428074072,1.382824492833308,1.475434258974359,1.3435885699804504,1.7606528558953978,1.2893871320414996,1.4816174999152822,1.3043205117056862,1.090127558039553,1.110584730510899,1.0835541249293674,1.2332169677846427,1.365376766190999,0.930233209626924
2016-11-01,1.467744618307595,1.3663998140000275,1.3811171857778453,1.492728487179487,1.3492415169068133,1.7785735077724398,1.2884119333225104,1.4938265869515752,1.3137491827254877,1.0943525795356837,1.1170603969995978,1.0857560312323415,1.244476696822595,1.3763961434906695,0.9245007379989564
2016-12-01,1.4780339781750866,1.3661118469783569,1.382742489825067,1.499353164102564,1.3710552566794585,1.7916216878176008,1.2866716186041705,1.495334781646811,1.322923111004937,1.1005478417884782,1.118059763039423,1.0862233338470229,1.2476033455428068,1.3819962086498354,0.916476797873728
2017-01-01,1.479387333755542,1.368229145935277,1.3938035486500833,1.5046089435897434,1.3959888834986605,1.8086540972545468,1.2930512030136212,1.5083278483218685,1.333528540107236,1.108432252794497,1.1203504366138697,1.0976791400832175,1.2469395092674318,1.387260376816685,0.9174060226976256
2017-02-01,1.4875447985579973,1.3773866770837615,1.3958413766494768,1.5043784153846156,1.4096079784229962,1.827400641683048,1.2881657599728444,1.5223658188305114,1.3440095610235177,1.11178573516767,1.1245497412219123,1.105693163301998,1.2509200414827892,1.396147767903403,0.9154132474563004
2017-03-01,1.4944772650655236,1.3791020128294749,1.4020937952500128,1.499950346153846,1.4188515147346317,1.8437615621045025,1.2839829424135536,1.5348135819992352,1.3527033154430117,1.1152886500429924,1.1234496594886396,1.1080384327323158,1.2590477449249782,1.4061348219538967,0.9139459219279936
2017-04-01,1.515492572221952,1.3762398774620666,1.40378576906062,1.499838805128205,1.434919474332054,1.8597431619460147,1.2766747748638556,1.5429817330770828,1.357130572277964,1.1215642476354255,1.1274720639628772,1.1050276627112547,1.2677298839364524,1.41210434169045,0.9035013846856246
2017-05-01,1.5235804111657818,1.3747942673081404,1.4020310650184542,1.49540857948718,1.4436310209253491,1.8744106785737649,1.274311006582151,1.5500691216978346,1.3623127692307695,1.1281818916595014,1.127151374173604,1.1041161617095594,1.2765605141218006,1.4166660908891329,0.8948702807852855
2017-06-01,1.516575817703513,1.3713126418301191,1.4070822665453258,1.4928017358974357,1.4478382941133878,1.884387953700035,1.271727741849791,1.550603554308729,1.3639535604395605,1.13588049011178,1.1286511200094915,1.1000000184928336,1.275299060458959,1.423646983446762,0.8895233929037305
2017-07-01,1.517676259073416,1.3750223679701743,1.4104178674983563,1.5003707435897438,1.4560887408587355,1.8950488108417936,1.2705920533065715,1.5552973367252585,1.3738802445718534,1.1426897420464317,1.137612550473592,1.101055800585606,1.2753888305383938,1.4288176145773872,0.896380864205583
2017-08-01,1.5341840288400648,1.383962786572913,1.4128427696673238,1.5097466102564103,1.4716740598073998,1.9070107925541535,1.263950085597485,1.5569581371841856,1.3824294717842551,1.1511318658641445,1.141886006275006,1.0944144613962088,1.2800858433362756,1.4383163052469814,0.8963857680015652
2017-09-01,1.5384139927899845,1.3863955144811326,1.4205870141943473,1.5088537564102564,1.4896813597856775,1.9134627399916144,1.2679609008397406,1.5533684227062143,1.388246601157297,1.157295700773861,1.1477325627335826,1.092492899779113,1.2909029488084731,1.449007037892426,0.8873094469084266
2017-10-01,1.5387406060310815,1.3943812586866238,1.4202758644269178,1.5042291435897437,1.4886239758163782,1.9256091755559568,1.264793566980032,1.5510519760467445,1.3927208264585664,1.1583135339638866,1.14946028448452,1.0955763373914829,1.2989979655781114,1.4582183322063664,0.8783080335246543
2017-11-01,1.5464386130462318,1.403692397987856,1.4179036617751153,1.4999438846153843,1.512392264137282,1.9285605842120048,1.256884024410041,1.5428023713625951,1.3973876591813983,1.160949475494411,1.1436497749039307,1.096353386243386,1.3083330600176524,1.4689208812294183,0.8696306809287764
2017-12-01,1.534756026209383,1.4051781142316706,1.420926561694221,1.4925275076923077,1.5173417203678228,1.9307381795450795,1.2534175636446812,1.537654608290692,1.4008411835217929,1.1656552536543423,1.1458027080737965,1.0997180526018389,1.315276499558694,1.480453083644347,0.8723853443777717
2018-01-01,1.5360206035952657,1.4127088050495495,1.4261190926614085,1.4829613435897433,1.535238577945116,1.9369270557438347,1.256378357339984,1.5374795699257868,1.4066618127621178,1.1802164660361136,1.148504450508526,1.102219522782144,1.3399128230361872,1.4893729832711302,0.8677132918079832
2018-02-01,1.56000891119014,1.4113047872034217,1.429802633411699,1.4826686230769233,1.558691874592716,1.9408034812295885,1.2543769948641506,1.5381999680978264,1.4124070600944951,1.186206973344798,1.150782651783301,1.1080650588174858,1.3545226760812006,1.5013470891767289,0.866113456496217
2018-03-01,1.5759167769279487,1.4101547164768289,1.4333838482734214,1.4830171692307694,1.5719532206212437,1.9433045706405292,1.253323234478077,1.5354413579966018,1.4136483738918093,1.1922016251074807,1.1561856341249597,1.1067452915189806,1.367705957634599,1.511976416684962,0.861721276089225
2018-04-01,1.5713763321479033,1.4111765379607166,1.433092590563224,1.4853509692307694,1.589609166606328,1.9420838992602636,1.2495772651603474,1.527281930396138,1.4167489519562568,1.2006234651762684,1.1580202950966625,1.108568943853701,1.368520275375111,1.51791046805708,0.8526296442081919
2018-05-01,1.5796971695815272,1.4138867871485945,1.4277013965569545,1.4699012974358978,1.5967492064296571,1.938745925210708,1.2513279979043368,1.521619654594832,1.4199300128470569,1.195551977644024,1.1563962950439317,1.1176312225818048,1.3723958331862316,1.5249796246761802,0.8529276783850769
2018-06-01,1.5621759560578752,1.4119334447688363,1.427581320529349,1.4509478589743583,1.5943276982115702,1.9324442496259,1.2574744009651853,1.5159536040741826,1.418596497531455,1.1903913241616508,1.1567371059170934,1.1117140319515073,1.3772737488967342,1.5293813217124042,0.8569454833028958
2018-07-01,1.5540213694158913,1.4176927645051198,1.4331417747990294,1.4417153846153847,1.5971434255303742,1.927479873786818,1.25571254143361,1.5104363716240092,1.4170487151881936,1.1857428202923477,1.1596780962738855,1.1192175430215234,1.3695644474845547,1.53645424974753,0.8677236749934776
2018-08-01,1.5598984133093006,1.4219303370478502,1.436728440328126,1.445306294871795,1.6088603439287523,1.9181525961601344,1.2606765442966985,1.501445748006718,1.418806435685088,1.1818314961306966,1.1691762326234405,1.1172761242102016,1.3707825295675202,1.5381972129967068,0.8722786629272108
2018-09-01,1.5779639562527406,1.4222529117151197,1.4358942029425157,1.442456223076923,1.607561099847947,1.9090312098924065,1.253451867205832,1.4896870852838515,1.4177743928969582,1.181391642304385,1.168829084257776,1.1175105249910102,1.3906327616946164,1.5412059109549947,0.8721659176884945
2018-10-01,1.570706251278804,1.424028788738572,1.4357829636862331,1.442677358974359,1.6097114263992465,1.896176104855803,1.246967198158178,1.471018172765517,1.4159293716621546,1.1857620636285469,1.1670395724163385,1.116416404684851,1.407371075904678,1.5436900641053788,0.8721429956952778
2018-11-01,1.5567266322404645,1.4194824755678002,1.4273084753400074,1.438072935897436,1.613546431829701,1.882599525344576,1.2367447839401406,1.458611710033936,1.415708717577109,1.1809753568357697,1.163930043766849,1.1182321107515278,1.411239767431598,1.5444530621295278,0.8777387274980432
2018-12-01,1.5445146231792275,1.4219246523294544,1.4184189354871326,1.423279002564103,1.6016427210194772,1.8659397719238184,1.2307681291784114,1.4467003017877795,1.413474354727399,1.1764547377472057,1.1630876559029222,1.1169441346894742,1.417286741394528,1.5405675213172334,0.8804200048917297
2019-01-01,1.5506016992254108,1.425994543909426,1.4169847770362511,1.414300841025641,1.6145079328071827,1.8608728753986243,1.230372228117298,1.4443411782019568,1.4190800605722789,1.170347317282889,1.1614103589013467,1.1070788246776595,1.418380458075905,1.5424118262129531,0.8838021337725017
2019-02-01,1.5700864929117753,1.4244476170895184,1.4205556843748424,1.4217327000000002,1.6033410448193468,1.8572870877875969,1.223273881255626,1.4389811256287244,1.422532979614589,1.164085889939811,1.1642733026833558,1.1086293881954072,1.423859622241836,1.5448186913721185,0.8806802628489433
2019-03-01,1.5643597267014182,1.4201997590361444,1.4183603856362812,1.4299028769230768,1.6123001781188906,1.8543992891516676,1.2190036336870371,1.4355917560718208,1.4215577436959184,1.1588153912295789,1.1600066519019463,1.1069413700107873,1.4341909585172117,1.546837730230516,0.8775828763370727
2019-04-01,1.5635793413552883,1.4154399820442178,1.414835801228576,1.4297261384615385,1.616746912605894,1.8556854984093527,1.2082732952818074,1.438823151876612,1.4179258237511283,1.1520130954428205,1.1614682018020868,1.1076147244054035,1.431663295675199,1.547180003863886,0.87080872423689
2019-05-01,1.5682590510059926,1.413209434324328,1.4206180396506398,1.4259895717948718,1.6227822576207371,1.8588900240424375,1.2072808578934162,1.4448230867651963,1.4146546240908848,1.1470944711951852,1.1573317359092496,1.1082095988082394,1.4353859894086498,1.547881305554336,0.8639055335246543
2019-06-01,1.566143540215327,1.4157455033787023,1.4219474528540377,1.4226263974358972,1.6215648157265947,1.8653561532868903,1.2065067843386117,1.45481731498918,1.4155019777565436,1.1413045657781602,1.1620521262515402,1.105467720758206,1.4441131447484552,1.5534080892206374,0.8635953515523087
2019-07-01,1.5851418921420573,1.4198380158175363,1.4301178041104206,1.4291751794871792,1.6270297646803271,1.881559844051132,1.2073696922180075,1.4690932473410818,1.4186552146838671,1.132011693895099,1.1687682569061315,1.0990852062464682,1.445191627096205,1.558228922063666,0.8598854621054004
2019-08-01,1.590825826472451,1.4257386257658622,1.432697378532788,1.4334345128205128,1.6314039157193545,1.896111981558489,1.2072287621570563,1.487442282869162,1.4259698529489842,1.1226316852966467,1.171729345672421,1.0986416679508912,1.4656212074139454,1.5663353852908894,0.8665412131489694
2019-09-01,1.6053187923223071,1.4318019447071562,1.4353774883715054,1.4349813307692307,1.6492374773731082,1.9118980087476007,1.2026578900957805,1.5071760173114073,1.431503169878431,1.1171680997420466,1.176737937816799,1.0967371798428105,1.4818328512797885,1.5772570934796928,0.8594312007565875
2019-10-01,1.6035873103717055,1.4419100560604194,1.4420094921381268,1.4306165794871797,1.659283925856201,1.9237110966429063,1.2126346638084975,1.5193524910804617,1.437415268726443,1.1142119862424764,1.1819369959067447,1.1013461262649609,1.4871502338923213,1.585215278507135,0.8649764257761543
2019-11-01,1.6063382096750625,1.4409880433680111,1.4407619917589365,1.4305356538461538,1.6733652407501265,1.932825783956578,1.2155622362343004,1.5333022733808062,1.4420540321707285,1.110900920034394,1.1841774349594298,1.1078643083166382,1.4889588883495148,1.5895539351920966,0.8687558534437776
2019-12-01,1.608675934135529,1.442884923173924,1.44201346952576,1.4367464589743588,1.6930317811889073,1.937037138911436,1.2162584956241973,1.5353364816114707,1.447933993257951,1.1060904127257094,1.1874702111882305,1.1140533990856318,1.4952088380406003,1.5951503632052693,0.8701769694103834
2020-01-01,1.6210550738052325,1.4374195988047755,1.4505902814222154,1.4496468128205129,1.703404478314387,1.9430483157214469,1.2208794153544176,1.5409221487735327,1.4503216725593249,1.1024037489251937,1.1941539970866044,1.120056968202599,1.497427668578994,1.6012806534357849,0.8680169306026609
2020-02-01,1.6237519437813617,1.4378695886618145,1.4531992390287678,1.4696733102564106,1.7060373984505102,1.949916344857034,1.2237624606325357,1.5497649943602374,1.4544995583691671,1.1002714961306963,1.2053511263372287,1.1300647834797346,1.5000519126213594,1.609267421909989,0.8653198646621443
2020-03-01,1.6195736254688944,1.4398610752909249,1.450892366967491,1.4841191974358976,1.7098571406849614,1.9410906086775903,1.2202086567836004,1.5470511629044053,1.4610829893825992,1.1002407566638004,1.19919916500234,1.137469698464067,1.5078160233892324,1.6130446743358942,0.8672624817375423
2020-04-01,1.600809187898865,1.4456641957591456,1.4435455850902477,1.4930759615384614,1.710329506914778,1.9317776868097425,1.2170759392848178,1.5419910758148605,1.4654815562987742,1.098157497850387,1.198623565877677,1.135211986952278,1.5153339170344218,1.615764172118551,0.8712548545525697
2020-05-01,1.6050565689092418,1.4512616986718208,1.4490786971661866,1.4934670333333333,1.7056216182752877,1.9331966056309315,1.2211686908012216,1.5447188277524695,1.4746039295004514,1.0990574978503869,1.2077072449295705,1.140192946524888,1.527851853927626,1.623702638155873,0.8880492346073571
2020-06-01,1.6199539981487798,1.4547813317433558,1.4593720718944336,1.493017076923077,1.7140627499818986,1.9376514434310297,1.2358051263300815,1.551265832530534,1.4871329193077454,1.1038987360275152,1.2151078912815647,1.1488599645554012,1.520215092674316,1.6366803378265644,0.8972387813070699
2020-07-01,1.6397146377941252,1.458321763093329,1.4712293500050555,1.4951296974358974,1.726707090000724,1.9435928286601247,1.2547194474534744,1.5569411945645273,1.4971012767425815,1.1085800515907138,1.230174840191678,1.1585246766322492,1.5403439095322156,1.650468693655324,0.9224162855465692
2020-08-01,1.6587472407073611,1.4669639974231397,1.483311466833511,1.500768941025641,1.7453670747954528,1.948555615197899,1.2746818847680743,1.566621407713645,1.5106575344269264,1.113528013757524,1.2453837046924128,1.1709522987620071,1.5660686112091793,1.6629639805049397,0.9478984085572656
2020-09-01,1.6750804228577003,1.4830321239908442,1.4913262545502808,1.5101451974358977,1.758782241691405,1.9569237600833984,1.2927047147980335,1.5799276410303578,1.5239232902797697,1.1196180395528803,1.2609554693401357,1.1808606364617042,1.592018002647838,1.6796645050274424,0.970298587268458
2020-10-01,1.6904598889267797,1.5042058143838153,1.504130015989181,1.5242769307692308,1.7749316653392222,1.97005954469393,1.3122843217875113,1.592971345119548,1.5434466532356534,1.1250644282029234,1.2779001011778817,1.197249246930703,1.6062859342453664,1.6982285709769478,0.9845745274589094
2020-11-01,1.689515711501925,1.5216637892183067,1.5130255576621674,1.535830364102564,1.7844821837665628,1.9830349947876,1.3308213063947223,1.60507625742488,1.564353253437384,1.130550756663801,1.2901693498249984,1.2162108460471566,1.6236457052074142,1.7192281937211855,1.0048446947560656
2020-12-01,1.7034044731329474,1.538378378496923,1.5307763937130296,1.546918653846154,1.8037614025052495,1.99537775262832,1.3429380746469102,1.6232905570535756,1.5815050756489897,1.137366818572657,1.3088742504597493,1.2234022961935582,1.6518962709620482,1.7422997254884738,1.0210030573310722
2021-01-01,1.725996258099089,1.5493952965445397,1.551616453245867,1.555096274358974,1.826103759322279,2.018083090318784,1.3568841058014434,1.6501490880529026,1.6030974912671871,1.1438898366294068,1.3283022263088855,1.2383488128627933,1.680274739629303,1.7639140139626786,1.0389814293634227
2021-02-01,1.7493920923661523,1.5620963860904364,1.5768358913494107,1.571355374358974,1.8496772225038012,2.039933584169689,1.3743125786242412,1.6831066375884085,1.6291068083028084,1.1506167239896818,1.3450857847382882,1.2534432537114089,1.7017617250661965,1.7852854301646544,1.0530034320375683
2021-03-01,1.764363599162079,1.5771548370958235,1.5999456271171444,1.5842633717948722,1.8800982912171451,2.0625110129752238,1.3945513207839546,1.7193031663996057,1.6558750775070348,1.1574591745485814,1.3692361232722303,1.258643346689269,1.7302516827007943,1.8066278134796925,1.0604851979519956
2021-04-01,1.8160712997515476,1.5959623404196988,1.6230542867435165,1.594340476923077,1.913368102961408,2.0790141935012327,1.40516599389011,1.7472695883699871,1.680150200084939,1.1649849269131556,1.3909452764100632,1.2746813499768836,1.753338548102383,1.829187544061471,1.077438388990347
2021-05-01,1.835870242120135,1.6162784874652192,1.6441489789043937,1.5955903846153845,1.945426855405112,2.092374648422623,1.407384491359081,1.7659949702036604,1.6971834285183425,1.17203543422184,1.4085019322668453,1.2823488077258949,1.7762177568402473,1.8493607066520312,1.0829364313201149
2021-06-01,1.852660272324256,1.6326646506846498,1.664812061972294,1.5862303589743592,1.973092025921367,2.1027847370911346,1.408762384554081,1.7756048454027462,1.7193011839464882,1.1739760963026655,1.4264541266074748,1.2916765449221757,1.7995476398940866,1.869408983183315,1.09496987053222
2021-07-01,1.8791645281823948,1.6583752772180875,1.6833802499494412,1.5858221564102564,1.9894360299761056,2.111010973545625,1.4195144634661077,1.7920742787155868,1.7409759230238366,1.1762313327601033,1.443845306598643,1.3041020208558067,1.828045191968226,1.8904924218660812,1.101654651382729
2021-08-01,1.9095209504554973,1.6793193405704727,1.716074039953992,1.5873902256410255,2.00129628050105,2.12281285824194,1.4274645467022826,1.8140524078637168,1.7630227535170144,1.1787035339638865,1.4665803304265284,1.32412962757487,1.8525377625772288,1.913615768605928,1.1101420486564049
2021-09-01,1.9456566897257277,1.696843428457859,1.7592134245917386,1.5973112102564102,2.023372781116501,2.140125887012084,1.4468057666140286,1.837633443595118,1.791329776556777,1.17853660361135,1.4907254315714544,1.3473225283813632,1.877437650044131,1.938495877585071,1.1294141948212886
2021-10-01,1.9705918809373024,1.7227108701015663,1.7956086126700035,1.6136976820512818,2.053536577365868,2.1541827096404416,1.4568167956286249,1.8556642748427887,1.8127148944099385,1.1810658211521927,1.513188963107973,1.3697735208301225,1.9015987921447488,1.958568681624588,1.144500581789721
2021-11-01,1.991659395430409,1.7479682684320903,1.8238355065347085,1.626994158974359,2.072300576352183,2.157888521909393,1.4691081263743555,1.858615459289631,1.8331412619313057,1.1835872312983664,1.5360060100320996,1.390014490162839,1.9303625370697264,1.9779219917453352,1.1619711078137225
2021-12-01,1.9915769474350855,1.7672237028660716,1.8374245635522524,1.629685728205128,2.0833714148142786,2.1563203203222083,1.474586930887409,1.85711067928876,1.8508963956574824,1.1862033104041272,1.54925300686164,1.4102841999280833,1.9505838684907328,1.9893667508232715,1.1803653156796243
2022-01-01,1.995074193014079,1.786021077072796,1.856192061719501,1.6315527487179486,2.096353893273477,2.16020112183938,1.48364607114922,1.8646498681796395,1.8655946720815424,1.1905049269131558,1.568294383408145,1.4293759541788664,1.9518087056487208,2.0032835390559827,1.1897481479911298
2022-02-01,1.9949442738831784,1.8016843184341464,1.873324680216391,1.6317251564102566,2.099482345232061,2.1668299760345,1.4943396083915053,1.8703747169226748,1.8756092110208635,1.1937814703353398,1.591174376684925,1.4476821261622232,1.9603061173874676,2.013484880263446,1.1946238240281764
2022-03-01,1.996690076971793,1.813660970023438,1.881907819214824,1.6264402692307691,2.094289284628194,2.1667304666925684,1.5009933008161271,1.867528012044401,1.876802717470936,1.1978522269991403,1.606735647966885,1.460347162891046,1.9732219351279792,2.0183819977167947,1.2000347700887035
2022-04-01,1.9938043260096463,1.8150491159175948,1.8879764966631272,1.636081425641026,2.094235280573456,2.1646873404062985,1.5085697308106671,1.856580403013036,1.8802214949832785,1.2063675322441962,1.609497613388437,1.4720231484049928,1.9766914541041485,2.019828155521405,1.2011445274589092
2022-05-01,1.9898304603692696,1.8199217384212616,1.8797423547070125,1.6444298205128205,2.0928318876258056,2.1574476208757605,1.5065803088888554,1.8426370417632845,1.876358036099168,1.204438607050731,1.6053947144938143,1.47943498381877,1.9798071650485445,2.0178694327113065,1.2022655547221497
2022-06-01,1.9768838593072533,1.8185895027207808,1.867204403091664,1.6437113461538464,2.092736777930635,2.14674594459853,1.5100904684986496,1.828251637515792,1.8708113393321664,1.2013598280309543,1.6054213737122065,1.4861861308881694,1.9786705353045015,2.012662170186608,1.2100436883642054
2022-07-01,1.950289728650071,1.8218204734295544,1.856458918613176,1.6403486461538463,2.083701632032437,2.137015273872218,1.5050714533124738,1.8132232523757188,1.8670804097786269,1.1987498796216682,1.6046933879100664,1.492845464118765,1.9731086403353928,2.0092125811635566,1.2188226480563524
2022-08-01,1.9556636761338728,1.8257926951491967,1.8500333467313816,1.6392797692307692,2.0686285214683946,2.1302534057170983,1.5084647484467006,1.806193431347394,1.862231745341616,1.19713,1.5970027681873011,1.5052879298299684,1.9731892961165047,2.006192196004391,1.2282119266892773
2022-09-01,1.948401275393384,1.8259998046794688,1.842506361355479,1.637050412820513,2.0630367945840278,2.125730056317006,1.5144938684160036,1.799898857524604,1.8619891588894204,1.1972893637145314,1.5980740403920557,1.5250204628345403,1.961781548543689,2.005541172074644,1.2325371882337597
2022-10-01,1.949365861061042,1.8277160012061893,1.837781895887052,1.6358950769230771,2.0556096741727607,2.1188753529622204,1.5248255833173452,1.7958082301797458,1.8635308737590897,1.1980329148753226,1.6061518567294832,1.5407944346843374,1.9531444969108565,2.003723194379803,1.2347842359118182
2022-11-01,1.9474627836508025,1.834190334306509,1.832308222862632,1.6294932871794874,2.052707509231772,2.117914260550785,1.524643501453681,1.789051873030319,1.868682535382492,1.197744995700774,1.6087440850157857,1.5498526203318428,1.961029635481024,1.9996689981119653,1.2438148519436472
2022-12-01,1.9457783714132613,1.8406180631056648,1.8359920968577783,1.6380355615384614,2.046215833755702,2.1136805156622063,1.5235510685665368,1.7930756583998566,1.8670878239634767,1.1984784436801377,1.61279020967221,1.5596703883495144,1.9658525847308037,1.9948780292425907,1.247836429689538
2023-01-01,1.9393184362059732,1.8479395668681555,1.8460211780802864,1.655390917948718,2.044271774672363,2.112502521763216,1.5295678267831578,1.8016459499247224,1.8660596823273348,1.1963340842648325,1.6184486715706627,1.5635270483382135,1.9658958221535752,1.9916197539407243,1.2504963237020608
2023-02-01,1.9387248131728945,1.8543223073865431,1.856875556524597,1.6512539769230767,2.040522122221418,2.114728606692646,1.5386816726191352,1.809343623583403,1.864247295004512,1.193298177128117,1.6230801139651845,1.5702757399702056,1.957406847308032,1.991676308847421,1.2576651324028174
2023-03-01,1.939382771471721,1.8588753473964117,1.861081075382982,1.6510182538461535,2.033232661646513,2.1202640569017186,1.546102049469443,1.8162636758661748,1.8628113782980311,1.191492871883061,1.6303364848101352,1.578172427184466,1.9492028971756403,1.9914392712184408,1.2623669420166972
2023-04-01,1.942784707945633,1.869841508559837,1.869501579136964,1.6528740615384616,2.034615400767504,2.1221202690829646,1.550903941026284,1.8265208128518795,1.864900256941127,1.1897891143594157,1.6451912122889931,1.5895353351826165,1.9465489214474845,1.9917256957189904,1.2702767972214977
2023-05-01,1.939352300872023,1.8823704232630185,1.8803478322336824,1.646910935897436,2.0186428998624284,2.127470343249076,1.5682211593293878,1.845997647178424,1.8674643071083517,1.1887626913155631,1.6540594881124226,1.5979988919710275,1.9483882643424533,1.993898069901208,1.2706729754761286
2023-06-01,1.947585633555805,1.8966521463327717,1.892747374804086,1.6443418666666667,2.018066585330533,2.1313184359336352,1.5828294117386617,1.8618675278962484,1.870117330466636,1.185879165950129,1.6614197273140734,1.6002842959880823,1.9533073773168577,1.99357338845225,1.284789394403861
