sa4_name,mode,loading_value
ADELAIDE - CENTRAL AND HILLS,0,0.9965559645113592
ADELAIDE - CENTRAL AND HILLS,1,0.017763742438499795
ADELAIDE - CENTRAL AND HILLS,2,-0.004202541336201102
ADELAIDE - CENTRAL AND HILLS,3,0.017244202849845413
ADELAIDE - CENTRAL AND HILLS,4,-0.008463129452883453
ADELAIDE - CENTRAL AND HILLS,5,-0.009567874714343325
ADELAIDE - CENTRAL AND HILLS,6,0.02761654052964108
ADELAIDE - CENTRAL AND HILLS,7,-0.020458800914101356
ADELAIDE - CENTRAL AND HILLS,8,-0.017326250168033342
ADELAIDE - CENTRAL AND HILLS,9,-0.014183139534883723
ADELAIDE - CENTRAL AND HILLS,10,-0.0009667596451135906
ADELAIDE - CENTRAL AND HILLS,11,0.0002067300712461351
ADELAIDE - CENTRAL AND HILLS,12,0.0053099892458663795
ADELAIDE - CENTRAL AND HILLS,13,-0.0032192559483801586
ADELAIDE - CENTRAL AND HILLS,14,0.0004641201774432046
ADELAIDE - CENTRAL AND HILLS,15,-0.005734906573464174
ADELAIDE - CENTRAL AND HILLS,16,0.0003303905094770803
ADELAIDE - CENTRAL AND HILLS,17,0.002245824707621992
ADELAIDE - CENTRAL AND HILLS,18,-0.004648516601693776
ADELAIDE - CENTRAL AND HILLS,19,0.006068766635300442
ADELAIDE - CENTRAL AND HILLS,20,-0.0007847916386611105
ADELAIDE - NORTH,0,0.9906147109241699
ADELAIDE - NORTH,1,0.0899872481250744
ADELAIDE - NORTH,2,0.03165202452283639
ADELAIDE - NORTH,3,-0.013278925836276337
ADELAIDE - NORTH,4,-0.008841527717154081
ADELAIDE - NORTH,5,0.005846719177810403
ADELAIDE - NORTH,6,0.024290091266219595
ADELAIDE - NORTH,7,-0.05049743819689695
ADELAIDE - NORTH,8,-0.03094989167096544
ADELAIDE - NORTH,9,-0.017739134161342797
ADELAIDE - NORTH,10,-0.00019948573469306775
ADELAIDE - NORTH,11,0.006825501765802943
ADELAIDE - NORTH,12,0.00034221856275544623
ADELAIDE - NORTH,13,0.009229889290107533
ADELAIDE - NORTH,14,0.002852816554898615
ADELAIDE - NORTH,15,-0.0012243276060473793
ADELAIDE - NORTH,16,0.0040997591365422
ADELAIDE - NORTH,17,-0.0011918154041506287
ADELAIDE - NORTH,18,-0.0025281254712114596
ADELAIDE - NORTH,19,0.0034279480972977264
ADELAIDE - NORTH,20,0.0010568306813221696
ADELAIDE - SOUTH,0,0.9950109934075927
ADELAIDE - SOUTH,1,0.047803592634689696
ADELAIDE - SOUTH,2,0.015699483973630374
ADELAIDE - SOUTH,3,-0.0069006169583996375
ADELAIDE - SOUTH,4,-0.01779095476244601
ADELAIDE - SOUTH,5,0.0069546287792680165
ADELAIDE - SOUTH,6,0.037709224369174815
ADELAIDE - SOUTH,7,-0.03792739713571267
ADELAIDE - SOUTH,8,-0.021678711979995453
ADELAIDE - SOUTH,9,-0.013845595362582407
ADELAIDE - SOUTH,10,-0.0012142291429870426
ADELAIDE - SOUTH,11,0.002551332120936577
ADELAIDE - SOUTH,12,0.0011493953171175268
ADELAIDE - SOUTH,13,0.0023090888838372355
ADELAIDE - SOUTH,14,0.00076170084110025
ADELAIDE - SOUTH,15,-0.004975776767447148
ADELAIDE - SOUTH,16,0.0015650502386906115
ADELAIDE - SOUTH,17,0.0009646874289611276
ADELAIDE - SOUTH,18,-0.007688262786997046
ADELAIDE - SOUTH,19,0.0043820922937031145
ADELAIDE - SOUTH,20,-0.0024641022959763577
ADELAIDE - WEST,0,0.9972693177226815
ADELAIDE - WEST,1,0.030295359963269056
ADELAIDE - WEST,2,0.007275027548209367
ADELAIDE - WEST,3,-0.01712389531680441
ADELAIDE - WEST,4,-0.01242897887970615
ADELAIDE - WEST,5,-0.0105234536271809
ADELAIDE - WEST,6,0.026110577594123045
ADELAIDE - WEST,7,-0.026626451790633606
ADELAIDE - WEST,8,-0.019166347107438014
ADELAIDE - WEST,9,-0.010780202938475666
ADELAIDE - WEST,10,-0.0028227878787878786
ADELAIDE - WEST,11,0.0018133572084481175
ADELAIDE - WEST,12,0.0005682415059687787
ADELAIDE - WEST,13,-0.00045796969696969677
ADELAIDE - WEST,14,0.0009117089072543619
ADELAIDE - WEST,15,-0.0069612617079889815
ADELAIDE - WEST,16,0.004400005509641874
ADELAIDE - WEST,17,0.0059989816345270884
ADELAIDE - WEST,18,-0.003599555555555556
ADELAIDE - WEST,19,0.007823087235996328
ADELAIDE - WEST,20,-0.00452433425160698
AUSTRALIAN CAPITAL TERRITORY,0,0.9942888495962643
AUSTRALIAN CAPITAL TERRITORY,1,-0.029901685961669436
AUSTRALIAN CAPITAL TERRITORY,2,0.017172021111003008
AUSTRALIAN CAPITAL TERRITORY,3,-0.02311522716217532
AUSTRALIAN CAPITAL TERRITORY,4,-0.046112353341764764
AUSTRALIAN CAPITAL TERRITORY,5,-0.006278707559101078
AUSTRALIAN CAPITAL TERRITORY,6,0.011210322015760285
AUSTRALIAN CAPITAL TERRITORY,7,-0.0017400252942893278
AUSTRALIAN CAPITAL TERRITORY,8,0.010368918669131234
AUSTRALIAN CAPITAL TERRITORY,9,0.006569453254207607
AUSTRALIAN CAPITAL TERRITORY,10,-0.0020031423290203325
AUSTRALIAN CAPITAL TERRITORY,11,-0.014782277458896785
AUSTRALIAN CAPITAL TERRITORY,12,-0.0004654480007782855
AUSTRALIAN CAPITAL TERRITORY,13,-0.0004522069267438466
AUSTRALIAN CAPITAL TERRITORY,14,-0.01351771670395953
AUSTRALIAN CAPITAL TERRITORY,15,-0.0014262185037455008
AUSTRALIAN CAPITAL TERRITORY,16,0.006550495670785094
AUSTRALIAN CAPITAL TERRITORY,17,0.0007942873820410547
AUSTRALIAN CAPITAL TERRITORY,18,0.008405459188637027
AUSTRALIAN CAPITAL TERRITORY,19,-0.002161353244479035
AUSTRALIAN CAPITAL TERRITORY,20,-0.0027322074131724875
BALLARAT,0,0.9909602308834448
BALLARAT,1,-0.06048618188567187
BALLARAT,2,-0.008290975501113585
BALLARAT,3,0.0276720579064588
BALLARAT,4,-0.07243829547141797
BALLARAT,5,0.048543439495174465
BALLARAT,6,7.962731997030473e-05
BALLARAT,7,0.03190500965107647
BALLARAT,8,0.020819029695619894
BALLARAT,9,-0.014209279881217523
BALLARAT,10,0.005023069784706757
BALLARAT,11,0.00015006681514476614
BALLARAT,12,0.003248530066815145
BALLARAT,13,-0.0006155575352635486
BALLARAT,14,-0.005625357832219748
BALLARAT,15,-0.008113394951744618
BALLARAT,16,-0.002010115070527097
BALLARAT,17,0.00380268002969562
BALLARAT,18,-0.0053920861172976975
BALLARAT,19,0.0010859680772086118
BALLARAT,20,-0.0006441143281365999
BAROSSA - YORKE - MID NORTH,0,0.9562859127459368
BAROSSA - YORKE - MID NORTH,1,0.24687395893926437
BAROSSA - YORKE - MID NORTH,2,0.032296008554319924
BAROSSA - YORKE - MID NORTH,3,-0.049614116338751076
BAROSSA - YORKE - MID NORTH,4,-0.009862366124893072
BAROSSA - YORKE - MID NORTH,5,0.022013267750213856
BAROSSA - YORKE - MID NORTH,6,0.006118698032506416
BAROSSA - YORKE - MID NORTH,7,-0.06328994011976047
BAROSSA - YORKE - MID NORTH,8,-0.041986244653550046
BAROSSA - YORKE - MID NORTH,9,4.139093242087243e-05
BAROSSA - YORKE - MID NORTH,10,-0.007063611633875107
BAROSSA - YORKE - MID NORTH,11,0.017090643284858854
BAROSSA - YORKE - MID NORTH,12,0.001959408041060736
BAROSSA - YORKE - MID NORTH,13,0.004659011120615912
BAROSSA - YORKE - MID NORTH,14,0.0016327219846022241
BAROSSA - YORKE - MID NORTH,15,-0.008106150556030797
BAROSSA - YORKE - MID NORTH,16,-0.0032963284858853717
BAROSSA - YORKE - MID NORTH,17,0.004535327630453379
BAROSSA - YORKE - MID NORTH,18,-0.009187988023952097
BAROSSA - YORKE - MID NORTH,19,-0.0056961813515825485
BAROSSA - YORKE - MID NORTH,20,-0.001519808383233533
BENDIGO,0,0.9895394844444445
BENDIGO,1,-0.028340592888888887
BENDIGO,2,-0.037675584
BENDIGO,3,0.009265513777777777
BENDIGO,4,-0.05159036177777778
BENDIGO,5,0.07685466933333333
BENDIGO,6,0.0035721973333333336
BENDIGO,7,0.018311306666666666
BENDIGO,8,0.02075699911111111
BENDIGO,9,-0.009244952
BENDIGO,10,0.01201001066666667
BENDIGO,11,-0.00027412622222222215
BENDIGO,12,4.0963555555555424e-05
BENDIGO,13,0.004562075555555556
BENDIGO,14,-0.002928098666666667
BENDIGO,15,-0.003915849777777777
BENDIGO,16,-0.0017321013333333332
BENDIGO,17,0.008383944
BENDIGO,18,-0.002462143111111111
BENDIGO,19,0.0009216088888888891
BENDIGO,20,0.0034561360000000003
BRISBANE - EAST,0,0.9880363379513473
BRISBANE - EAST,1,0.05761773753681685
BRISBANE - EAST,2,0.09672800807243373
BRISBANE - EAST,3,-0.0392857423366423
BRISBANE - EAST,4,0.01343970546525581
BRISBANE - EAST,5,-0.009721479218937495
BRISBANE - EAST,6,0.011904060761426858
BRISBANE - EAST,7,-0.043596985382349726
BRISBANE - EAST,8,0.02045174102759899
BRISBANE - EAST,9,-0.012284267481182502
BRISBANE - EAST,10,-0.0003978864404930731
BRISBANE - EAST,11,0.000604846732846078
BRISBANE - EAST,12,9.68850223628233e-05
BRISBANE - EAST,13,0.003567322461001418
BRISBANE - EAST,14,0.00034419166575760897
BRISBANE - EAST,15,0.004303766226682666
BRISBANE - EAST,16,-0.0006590580342532998
BRISBANE - EAST,17,0.0024517415730337076
BRISBANE - EAST,18,0.0038284918730227984
BRISBANE - EAST,19,0.0061570410166903
BRISBANE - EAST,20,0.001998818042980255
BRISBANE - NORTH,0,0.9967294229605219
BRISBANE - NORTH,1,0.019006941287241917
BRISBANE - NORTH,2,0.033125959378572864
BRISBANE - NORTH,3,-0.01154182930930123
BRISBANE - NORTH,4,0.0023816329275674225
BRISBANE - NORTH,5,-0.008188443742013584
BRISBANE - NORTH,6,0.010458004573273252
BRISBANE - NORTH,7,-0.035017429551415694
BRISBANE - NORTH,8,0.02665351940278431
BRISBANE - NORTH,9,-0.0019970757952787674
BRISBANE - NORTH,10,0.0014685997713363374
BRISBANE - NORTH,11,0.0073326834353352605
BRISBANE - NORTH,12,0.0007348772614163698
BRISBANE - NORTH,13,-0.005721672607438295
BRISBANE - NORTH,14,0.001079841953056695
BRISBANE - NORTH,15,-0.0017499710807720762
BRISBANE - NORTH,16,0.00028912300759970403
BRISBANE - NORTH,17,-0.004489433721164839
BRISBANE - NORTH,18,0.0022926424103840203
BRISBANE - NORTH,19,0.006040688008608515
BRISBANE - NORTH,20,0.002596913040554173
BRISBANE - SOUTH,0,0.9965436863784859
BRISBANE - SOUTH,1,-0.003273572274040054
BRISBANE - SOUTH,2,0.009862959613654658
BRISBANE - SOUTH,3,-0.012590154822214854
BRISBANE - SOUTH,4,0.02078159320107949
BRISBANE - SOUTH,5,-0.00838029922825624
BRISBANE - SOUTH,6,0.009707431466313147
BRISBANE - SOUTH,7,-0.03348800530277922
BRISBANE - SOUTH,8,0.016628016192415124
BRISBANE - SOUTH,9,-0.008300482931679369
BRISBANE - SOUTH,10,-0.002229857014345912
BRISBANE - SOUTH,11,0.0029157573031579945
BRISBANE - SOUTH,12,-0.0016255177311680317
BRISBANE - SOUTH,13,-0.008110721083282044
BRISBANE - SOUTH,14,-0.004785486482647602
BRISBANE - SOUTH,15,-0.0005597637422470528
BRISBANE - SOUTH,16,-0.0023095549453150885
BRISBANE - SOUTH,17,-0.004286486435301357
BRISBANE - SOUTH,18,0.002518926187207044
BRISBANE - SOUTH,19,0.010419389706926758
BRISBANE - SOUTH,20,0.0050013432129160556
BRISBANE - WEST,0,0.9967317669539763
BRISBANE - WEST,1,0.015551504309643844
BRISBANE - WEST,2,0.03563690030899333
BRISBANE - WEST,3,0.006563653439583671
BRISBANE - WEST,4,0.007565935924540574
BRISBANE - WEST,5,-0.01018619694259229
BRISBANE - WEST,6,0.012532624817043422
BRISBANE - WEST,7,-0.027649197430476495
BRISBANE - WEST,8,0.023367154821922264
BRISBANE - WEST,9,-0.0047490039030736704
BRISBANE - WEST,10,0.0008055944055944055
BRISBANE - WEST,11,0.0005900211416490488
BRISBANE - WEST,12,0.004478616035127663
BRISBANE - WEST,13,-0.005087830541551472
BRISBANE - WEST,14,0.0010916921450642382
BRISBANE - WEST,15,0.0011505545617173526
BRISBANE - WEST,16,-1.2029598308668061e-05
BRISBANE - WEST,17,0.0009111668563994147
BRISBANE - WEST,18,0.0033392519108798174
BRISBANE - WEST,19,0.011650217108472923
BRISBANE - WEST,20,0.002849861766140835
BRISBANE INNER CITY,0,0.9968992252958108
BRISBANE INNER CITY,1,-0.02255596498241126
BRISBANE INNER CITY,2,0.012006673329069396
BRISBANE INNER CITY,3,-0.01982535257435241
BRISBANE INNER CITY,4,0.008073576111288776
BRISBANE INNER CITY,5,-0.011850525263831145
BRISBANE INNER CITY,6,0.052478185161496646
BRISBANE INNER CITY,7,-0.011162955708346663
BRISBANE INNER CITY,8,0.013843601694915258
BRISBANE INNER CITY,9,-0.019704654621042532
BRISBANE INNER CITY,10,0.001420492484809722
BRISBANE INNER CITY,11,0.0010502966101694918
BRISBANE INNER CITY,12,-0.0019688903102014718
BRISBANE INNER CITY,13,-0.005539190917812599
BRISBANE INNER CITY,14,-0.009475021586184842
BRISBANE INNER CITY,15,-0.0013371474256475854
BRISBANE INNER CITY,16,-0.0005940877838183562
BRISBANE INNER CITY,17,-0.0018152206587783819
BRISBANE INNER CITY,18,0.0038089806523824757
BRISBANE INNER CITY,19,0.005410705148704829
BRISBANE INNER CITY,20,0.0014531339942436836
BUNBURY,0,0.9165884419482078
BUNBURY,1,0.35283144229120217
BUNBURY,2,0.02220663179557537
BUNBURY,3,0.007944220545361
BUNBURY,4,0.11117472646201337
BUNBURY,5,-0.0010446304235980117
BUNBURY,6,-0.0038432378665752024
BUNBURY,7,0.06849960212656492
BUNBURY,8,-0.030843233579145944
BUNBURY,9,0.014347845138055221
BUNBURY,10,-0.007412695078031213
BUNBURY,11,0.011178425655976675
BUNBURY,12,0.0008608977876865028
BUNBURY,13,-0.0013982738809809638
BUNBURY,14,-0.005951174755616532
BUNBURY,15,-0.005092007374378323
BUNBURY,16,0.001139047333219002
BUNBURY,17,0.015220829188818384
BUNBURY,18,0.004912653061224489
BUNBURY,19,0.013295785457039959
BUNBURY,20,-0.0036934419482078542
CAIRNS,0,0.9617526307011356
CAIRNS,1,0.2009542914875874
CAIRNS,2,0.049922526140227096
CAIRNS,3,0.04081113220860864
CAIRNS,4,0.09396249406632882
CAIRNS,5,-0.026581182885367895
CAIRNS,6,-0.03367261338123036
CAIRNS,7,-0.0015713387645134385
CAIRNS,8,-0.0030990589518250043
CAIRNS,9,-0.007927546346782987
CAIRNS,10,0.016978912694848934
CAIRNS,11,0.008536771441400989
CAIRNS,12,-0.009646295464750787
CAIRNS,13,-0.00828706587978703
CAIRNS,14,-0.009583808454679581
CAIRNS,15,-0.005584445442299055
CAIRNS,16,-0.013839285393546733
CAIRNS,17,0.0037778805568028737
CAIRNS,18,-0.000601140547822182
CAIRNS,19,-0.010332937327602796
CAIRNS,20,0.008717962665982423
CAPITAL REGION,0,0.9820097364839788
CAPITAL REGION,1,-0.04265645119386365
CAPITAL REGION,2,0.13253260608684891
CAPITAL REGION,3,-0.027170261041692442
CAPITAL REGION,4,-0.041624221823580346
CAPITAL REGION,5,0.009399104292960533
CAPITAL REGION,6,-0.010731591612025235
CAPITAL REGION,7,0.005653173945317332
CAPITAL REGION,8,0.0027114419151305206
CAPITAL REGION,9,-0.003937121736978846
CAPITAL REGION,10,-0.01193231597179265
CAPITAL REGION,11,0.0014878597055548678
CAPITAL REGION,12,-0.00442281331188915
CAPITAL REGION,13,0.00426679079549672
CAPITAL REGION,14,-0.009214998762835578
CAPITAL REGION,15,0.006317789805765187
CAPITAL REGION,16,0.0051656668316219225
CAPITAL REGION,17,-0.0019459043671903986
CAPITAL REGION,18,-0.012451117778052698
CAPITAL REGION,19,-0.006493347766918222
CAPITAL REGION,20,0.000540243102808363
CENTRAL COAST,0,0.9499356901482652
CENTRAL COAST,1,-0.2693967859561978
CENTRAL COAST,2,0.11809424550312334
CENTRAL COAST,3,-0.04107436291111612
CENTRAL COAST,4,0.016848811244073152
CENTRAL COAST,5,0.014931086776548506
CENTRAL COAST,6,0.011226840897117485
CENTRAL COAST,7,0.028506471739294045
CENTRAL COAST,8,-0.0007662388048468427
CENTRAL COAST,9,0.01380314969519079
CENTRAL COAST,10,0.006222042974335815
CENTRAL COAST,11,-0.018446753217430566
CENTRAL COAST,12,0.007129382479114924
CENTRAL COAST,13,-0.007102242793708136
CENTRAL COAST,14,0.010341190261157525
CENTRAL COAST,15,0.0018255501618122975
CENTRAL COAST,16,-0.003004603748024384
CENTRAL COAST,17,-0.007884317001580491
CENTRAL COAST,18,0.000503505305938135
CENTRAL COAST,19,0.0028448299089335444
CENTRAL COAST,20,-0.0007956999322646195
CENTRAL QUEENSLAND,0,0.8683700310503902
CENTRAL QUEENSLAND,1,0.44350386000709724
CENTRAL QUEENSLAND,2,0.017271625266146198
CENTRAL QUEENSLAND,3,-0.028264712562100773
CENTRAL QUEENSLAND,4,-0.041883159155429374
CENTRAL QUEENSLAND,5,0.028136525904897087
CENTRAL QUEENSLAND,6,0.020230235982966645
CENTRAL QUEENSLAND,7,0.020068112136266858
CENTRAL QUEENSLAND,8,0.009051918026969481
CENTRAL QUEENSLAND,9,0.011195666252661463
CENTRAL QUEENSLAND,10,-0.014332417494677075
CENTRAL QUEENSLAND,11,0.0032074272533711853
CENTRAL QUEENSLAND,12,-0.03376084102200142
CENTRAL QUEENSLAND,13,0.00755194730305181
CENTRAL QUEENSLAND,14,0.014486440738112135
CENTRAL QUEENSLAND,15,-0.003915198722498225
CENTRAL QUEENSLAND,16,0.0018100292760823283
CENTRAL QUEENSLAND,17,0.004455098474095104
CENTRAL QUEENSLAND,18,0.0035635202271114266
CENTRAL QUEENSLAND,19,-0.007647144251242015
CENTRAL QUEENSLAND,20,-0.0027288946061036195
CENTRAL WEST,0,0.985145057126444
CENTRAL WEST,1,-0.0533010767856003
CENTRAL WEST,2,0.11361963873109085
CENTRAL WEST,3,0.02378160975298398
CENTRAL WEST,4,-0.02389484138635348
CENTRAL WEST,5,0.052133778004723304
CENTRAL WEST,6,-0.008115676900491479
CENTRAL WEST,7,0.024366687304525434
CENTRAL WEST,8,-0.016866867938980026
CENTRAL WEST,9,-0.0008664473096317099
CENTRAL WEST,10,-0.008980579562136977
CENTRAL WEST,11,-0.0194778687687496
CENTRAL WEST,12,-0.01111076274972873
CENTRAL WEST,13,-0.005431341673581414
CENTRAL WEST,14,-0.007978188549179805
CENTRAL WEST,15,0.004483209293419289
CENTRAL WEST,16,0.00998240186379013
CENTRAL WEST,17,0.0011521682517393248
CENTRAL WEST,18,-0.0024935820514457134
CENTRAL WEST,19,-0.003997954937128997
CENTRAL WEST,20,0.004080095104359481
COFFS HARBOUR - GRAFTON,0,0.9868635706717527
COFFS HARBOUR - GRAFTON,1,-0.017820704598431873
COFFS HARBOUR - GRAFTON,2,0.14059206293706294
COFFS HARBOUR - GRAFTON,3,0.008454578300487393
COFFS HARBOUR - GRAFTON,4,-0.021068651197287562
COFFS HARBOUR - GRAFTON,5,-0.006533651197287561
COFFS HARBOUR - GRAFTON,6,-0.019680065691883873
COFFS HARBOUR - GRAFTON,7,-0.011465281839372747
COFFS HARBOUR - GRAFTON,8,0.01381525852934944
COFFS HARBOUR - GRAFTON,9,0.012833023945751223
COFFS HARBOUR - GRAFTON,10,-0.005209646111464294
COFFS HARBOUR - GRAFTON,11,-0.0007525439711803352
COFFS HARBOUR - GRAFTON,12,0.0019767111676202587
COFFS HARBOUR - GRAFTON,13,0.0007359843187115915
COFFS HARBOUR - GRAFTON,14,0.0026662449671540586
COFFS HARBOUR - GRAFTON,15,-0.005535930281839373
COFFS HARBOUR - GRAFTON,16,0.013594095147276965
COFFS HARBOUR - GRAFTON,17,0.009051047891502436
COFFS HARBOUR - GRAFTON,18,-0.008810176944267854
COFFS HARBOUR - GRAFTON,19,-0.003453661792752701
COFFS HARBOUR - GRAFTON,20,-0.007316311718584444
DARLING DOWNS - MARANOA,0,0.9311307216494847
DARLING DOWNS - MARANOA,1,0.2959236414467936
DARLING DOWNS - MARANOA,2,-0.019152570330246376
DARLING DOWNS - MARANOA,3,0.03158764633933252
DARLING DOWNS - MARANOA,4,0.02810419185741744
DARLING DOWNS - MARANOA,5,0.036731579591123546
DARLING DOWNS - MARANOA,6,-0.008517677791368162
DARLING DOWNS - MARANOA,7,-0.010847441901100823
DARLING DOWNS - MARANOA,8,-0.05028696138388957
DARLING DOWNS - MARANOA,9,-0.0011154936222261057
DARLING DOWNS - MARANOA,10,0.006564992136991089
DARLING DOWNS - MARANOA,11,0.014044827887471606
DARLING DOWNS - MARANOA,12,-0.0015883697361523679
DARLING DOWNS - MARANOA,13,-0.0012866346321859165
DARLING DOWNS - MARANOA,14,-0.008280146776166347
DARLING DOWNS - MARANOA,15,0.008954291455530314
DARLING DOWNS - MARANOA,16,-0.00048265245500611555
DARLING DOWNS - MARANOA,17,-0.007556874017123886
DARLING DOWNS - MARANOA,18,0.002833559322033898
DARLING DOWNS - MARANOA,19,0.00519741219640049
DARLING DOWNS - MARANOA,20,0.008286784903022891
DARWIN,0,0.9289946899026142
DARWIN,1,0.19847796002050233
DARWIN,2,-0.23685388262429524
DARWIN,3,0.01261690671450538
DARWIN,4,-0.01246703485392107
DARWIN,5,0.02143383136852896
DARWIN,6,-0.02876323423885187
DARWIN,7,-0.007803131727319325
DARWIN,8,0.002193067657611481
DARWIN,9,0.013107660174269604
DARWIN,10,0.0154676037929267
DARWIN,11,0.0019220758585340857
DARWIN,12,0.011703523833931318
DARWIN,13,-0.025666973347001538
DARWIN,14,0.003249987186058432
DARWIN,15,0.00896508200922604
DARWIN,16,0.012326371091747822
DARWIN,17,0.00864167606355715
DARWIN,18,-0.005446686314710403
DARWIN,19,-0.007866901588928754
DARWIN,20,0.002847754997437212
FAR WEST AND ORANA,0,0.9788925949269794
FAR WEST AND ORANA,1,0.054760041506533436
FAR WEST AND ORANA,2,0.025325557263643356
FAR WEST AND ORANA,3,0.04312193235972329
FAR WEST AND ORANA,4,0.02336800153727902
FAR WEST AND ORANA,5,0.03208048424289008
FAR WEST AND ORANA,6,-0.01418226287471176
FAR WEST AND ORANA,7,-0.009529535741737125
FAR WEST AND ORANA,8,-0.006680847040737893
FAR WEST AND ORANA,9,-0.02126752498078401
FAR WEST AND ORANA,10,-0.006911524980784012
FAR WEST AND ORANA,11,-0.007297208301306688
FAR WEST AND ORANA,12,0.000776671790930054
FAR WEST AND ORANA,13,-0.013867320522674868
FAR WEST AND ORANA,14,-0.007537806302843965
FAR WEST AND ORANA,15,0.0014057571099154497
FAR WEST AND ORANA,16,0.0013458785549577245
FAR WEST AND ORANA,17,0.005315592621060723
FAR WEST AND ORANA,18,0.0011322321291314366
FAR WEST AND ORANA,19,0.000719946195234435
FAR WEST AND ORANA,20,-0.0032470883935434283
GEELONG,0,0.9914428118357284
GEELONG,1,-0.06298188759459229
GEELONG,2,-0.015580800527166058
GEELONG,3,-0.016025891080690413
GEELONG,4,-0.06951515262307625
GEELONG,5,0.00932820338406598
GEELONG,6,0.0011782884108494168
GEELONG,7,0.03014314981719242
GEELONG,8,0.005989919224555734
GEELONG,9,-0.015267846271575548
GEELONG,10,-0.0025941352776124482
GEELONG,11,0.010333153643397668
GEELONG,12,0.008156733696114275
GEELONG,13,-0.00831688716945838
GEELONG,14,0.0018171209931128304
GEELONG,15,-0.005217878581753251
GEELONG,16,-0.008933171073888274
GEELONG,17,-0.0023705284414590588
GEELONG,18,0.001049395034435847
GEELONG,19,0.0022854170563727572
GEELONG,20,0.004419975767366721
GOLD COAST,0,0.9833194448277693
GOLD COAST,1,-0.003192024574067194
GOLD COAST,2,0.13914653707340371
GOLD COAST,3,0.01361834642534897
GOLD COAST,4,0.05156183164375564
GOLD COAST,5,-0.013004270473966349
GOLD COAST,6,0.011032415476885514
GOLD COAST,7,-0.02389018470357199
GOLD COAST,8,0.0026472424499761143
GOLD COAST,9,-0.0042032267395573485
GOLD COAST,10,-0.0005902229181041347
GOLD COAST,11,-0.0020113178706013474
GOLD COAST,12,0.0053528950161880985
GOLD COAST,13,-0.003248034605381881
GOLD COAST,14,0.004207556392972773
GOLD COAST,15,0.0032769921978663555
GOLD COAST,16,-0.0035457393450453786
GOLD COAST,17,0.009960734302850166
GOLD COAST,18,0.0027681370415583023
GOLD COAST,19,-0.0004052789130088636
GOLD COAST,20,-0.0016139315853723258
HOBART,0,0.9886247664904787
HOBART,1,-0.0005795300847150814
HOBART,2,0.09236267829990585
HOBART,3,0.0738625733111288
HOBART,4,-0.029518186952429217
HOBART,5,-0.03982989645934399
HOBART,6,-0.04483943595684599
HOBART,7,0.020977338353486353
HOBART,8,0.014293913547172545
HOBART,9,0.005622841937585983
HOBART,10,0.003696475997393382
HOBART,11,-0.001229212222141771
HOBART,12,0.006434446455723698
HOBART,13,0.0035002063572514663
HOBART,14,-0.0011032937513576137
HOBART,15,-0.004674870031134602
HOBART,16,0.0013191354717254364
HOBART,17,-0.003963447976250816
HOBART,18,-0.002461280863080154
HOBART,19,-0.0034392129462023024
HOBART,20,0.0014142451668959527
HUME,0,0.9898854611314614
HUME,1,-0.009591741147741147
HUME,2,0.06288442572242572
HUME,3,0.032949060643060635
HUME,4,-0.02078594464794465
HUME,5,0.05851685063085063
HUME,6,-0.0052214708994709
HUME,7,0.03313046642246642
HUME,8,-0.0022687879527879527
HUME,9,-0.011033374033374033
HUME,10,0.011922471306471304
HUME,11,-0.002685367521367522
HUME,12,0.0010637598697598699
HUME,13,0.0005325632885632886
HUME,14,-0.005147965811965812
HUME,15,-0.003518812372812373
HUME,16,-0.015605974765974768
HUME,17,0.0031774399674399686
HUME,18,-9.85380545380548e-05
HUME,19,-0.002783555555555556
HUME,20,0.002321935693935694
HUNTER VALLEY EXC NEWCASTLE,0,0.9782666104494044
HUNTER VALLEY EXC NEWCASTLE,1,-0.032589900410369334
HUNTER VALLEY EXC NEWCASTLE,2,0.12190647582824542
HUNTER VALLEY EXC NEWCASTLE,3,-0.038892819037133416
HUNTER VALLEY EXC NEWCASTLE,4,-0.046902534781303185
HUNTER VALLEY EXC NEWCASTLE,5,0.025451427284556103
HUNTER VALLEY EXC NEWCASTLE,6,-0.010059172755479932
HUNTER VALLEY EXC NEWCASTLE,7,0.0039050285256731054
HUNTER VALLEY EXC NEWCASTLE,8,0.0020018846962266035
HUNTER VALLEY EXC NEWCASTLE,9,-0.006697488239415475
HUNTER VALLEY EXC NEWCASTLE,10,-0.016261205084576118
HUNTER VALLEY EXC NEWCASTLE,11,-0.017619465018516665
HUNTER VALLEY EXC NEWCASTLE,12,-0.0025136267640876796
HUNTER VALLEY EXC NEWCASTLE,13,-0.00022693424081673497
HUNTER VALLEY EXC NEWCASTLE,14,-0.007138880992893604
HUNTER VALLEY EXC NEWCASTLE,15,0.008779562105895306
HUNTER VALLEY EXC NEWCASTLE,16,0.0026140066059453506
HUNTER VALLEY EXC NEWCASTLE,17,0.0002714698228405562
HUNTER VALLEY EXC NEWCASTLE,18,-0.0030609558602742474
HUNTER VALLEY EXC NEWCASTLE,19,-0.0018790966870183168
HUNTER VALLEY EXC NEWCASTLE,20,0.0035183535181663498
ILLAWARRA,0,0.969241518054532
ILLAWARRA,1,-0.21668100528125767
ILLAWARRA,2,0.07424041451731761
ILLAWARRA,3,-0.03396096536477524
ILLAWARRA,4,0.007641745271432082
ILLAWARRA,5,0.009439556005895359
ILLAWARRA,6,-0.005434250798329649
ILLAWARRA,7,0.013694361336281012
ILLAWARRA,8,-0.002973236305576026
ILLAWARRA,9,0.018094320191599116
ILLAWARRA,10,-0.01699915806927045
ILLAWARRA,11,-0.0057921499631540165
ILLAWARRA,12,0.003943236305576025
ILLAWARRA,13,-0.005184507492016703
ILLAWARRA,14,-0.0013032350773765661
ILLAWARRA,15,-0.005479392655367231
ILLAWARRA,16,-4.74735937116189e-05
ILLAWARRA,17,0.0016503948661262587
ILLAWARRA,18,-0.006317978997789243
ILLAWARRA,19,-0.005223486244166052
ILLAWARRA,20,0.004441094939818227
IPSWICH,0,0.9782414647733937
IPSWICH,1,0.1481584862193181
IPSWICH,2,0.07587781645304514
IPSWICH,3,0.0028603032587752367
IPSWICH,4,0.04632613847700427
IPSWICH,5,-0.013927234648571669
IPSWICH,6,-0.048640747675295304
IPSWICH,7,-0.0563943025885901
IPSWICH,8,0.004933455642121136
IPSWICH,9,-0.01071971182039038
IPSWICH,10,0.00015624780095501378
IPSWICH,11,-0.010938670520231215
IPSWICH,12,-0.007018547792577698
IPSWICH,13,0.008449970260534474
IPSWICH,14,-0.0024406618078244117
IPSWICH,15,0.007981146435452795
IPSWICH,16,-0.0030212620423892096
IPSWICH,17,-0.0011813282231716512
IPSWICH,18,0.004370320432269415
IPSWICH,19,0.003934140068693977
IPSWICH,20,0.00039548043897126545
LATROBE - GIPPSLAND,0,0.9900085237751585
LATROBE - GIPPSLAND,1,0.018248864164862478
LATROBE - GIPPSLAND,2,0.03541359955095822
LATROBE - GIPPSLAND,3,0.007947941223638842
LATROBE - GIPPSLAND,4,-0.062116241279769065
LATROBE - GIPPSLAND,5,0.043025566113383054
LATROBE - GIPPSLAND,6,0.006785864004490418
LATROBE - GIPPSLAND,7,0.0013489972736749258
LATROBE - GIPPSLAND,8,0.012152106086119798
LATROBE - GIPPSLAND,9,-0.006457004249859676
LATROBE - GIPPSLAND,10,0.002932640526020368
LATROBE - GIPPSLAND,11,0.00848502205115869
LATROBE - GIPPSLAND,12,0.010664475984283538
LATROBE - GIPPSLAND,13,-0.003340848368214257
LATROBE - GIPPSLAND,14,-0.0005778409910993504
LATROBE - GIPPSLAND,15,-0.005094094699703311
LATROBE - GIPPSLAND,16,-0.0037273662897923184
LATROBE - GIPPSLAND,17,0.009794441504289951
LATROBE - GIPPSLAND,18,0.0006867865447838985
LATROBE - GIPPSLAND,19,0.0011827708283217062
LATROBE - GIPPSLAND,20,-0.0030982463314890543
LAUNCESTON AND NORTH EAST,0,0.9821670041608875
LAUNCESTON AND NORTH EAST,1,0.07223867313915856
LAUNCESTON AND NORTH EAST,2,0.1339039916782247
LAUNCESTON AND NORTH EAST,3,0.08032173555247342
LAUNCESTON AND NORTH EAST,4,-0.029086738788719365
LAUNCESTON AND NORTH EAST,5,-0.008266738788719368
LAUNCESTON AND NORTH EAST,6,-0.02814573092926491
LAUNCESTON AND NORTH EAST,7,0.0111033111419325
LAUNCESTON AND NORTH EAST,8,0.0009758844197873327
LAUNCESTON AND NORTH EAST,9,0.01419456588072122
LAUNCESTON AND NORTH EAST,10,0.01942
LAUNCESTON AND NORTH EAST,11,4.023485899214054e-05
LAUNCESTON AND NORTH EAST,12,0.0037212233009708733
LAUNCESTON AND NORTH EAST,13,0.00416945538603791
LAUNCESTON AND NORTH EAST,14,-0.0033975432269995366
LAUNCESTON AND NORTH EAST,15,-0.005350301433194637
LAUNCESTON AND NORTH EAST,16,0.0034833499768839576
LAUNCESTON AND NORTH EAST,17,-0.0019370698104484514
LAUNCESTON AND NORTH EAST,18,-0.0038835201109570037
LAUNCESTON AND NORTH EAST,19,0.003987533980582524
LAUNCESTON AND NORTH EAST,20,0.0030903754045307446
LOGAN - BEAUDESERT,0,0.9850813533728477
LOGAN - BEAUDESERT,1,0.12155778718600058
LOGAN - BEAUDESERT,2,0.0677728986734406
LOGAN - BEAUDESERT,3,-0.004345613886536833
LOGAN - BEAUDESERT,4,0.043216633737886916
LOGAN - BEAUDESERT,5,-0.017670427603725652
LOGAN - BEAUDESERT,6,-0.030064911092294658
LOGAN - BEAUDESERT,7,-0.052583189387524695
LOGAN - BEAUDESERT,8,0.0023666398532317247
LOGAN - BEAUDESERT,9,-0.000682696867061812
LOGAN - BEAUDESERT,10,-0.0013446542478125878
LOGAN - BEAUDESERT,11,-0.01652524414338132
LOGAN - BEAUDESERT,12,-0.0021711924922382156
LOGAN - BEAUDESERT,13,0.0028446302568444813
LOGAN - BEAUDESERT,14,-0.0006102615485934707
LOGAN - BEAUDESERT,15,-0.0024747342177062755
LOGAN - BEAUDESERT,16,5.146156740991619e-05
LOGAN - BEAUDESERT,17,-0.0058616850127011025
LOGAN - BEAUDESERT,18,0.007092141311506256
LOGAN - BEAUDESERT,19,0.0072393099068585945
LOGAN - BEAUDESERT,20,0.00047609699877693097
MACKAY - ISAAC - WHITSUNDAY,0,0.8447212691521961
MACKAY - ISAAC - WHITSUNDAY,1,0.48222330949948927
MACKAY - ISAAC - WHITSUNDAY,2,0.07065653089887641
MACKAY - ISAAC - WHITSUNDAY,3,0.028181391726251274
MACKAY - ISAAC - WHITSUNDAY,4,-0.06796851889683353
MACKAY - ISAAC - WHITSUNDAY,5,-0.0003896744126659854
MACKAY - ISAAC - WHITSUNDAY,6,-0.036884102400408576
MACKAY - ISAAC - WHITSUNDAY,7,0.05683720760980593
MACKAY - ISAAC - WHITSUNDAY,8,-0.01855990551583248
MACKAY - ISAAC - WHITSUNDAY,9,0.01753575842696629
MACKAY - ISAAC - WHITSUNDAY,10,-0.001748047752808989
MACKAY - ISAAC - WHITSUNDAY,11,0.008796064862104188
MACKAY - ISAAC - WHITSUNDAY,12,-0.01047332482124617
MACKAY - ISAAC - WHITSUNDAY,13,-0.007573793411644535
MACKAY - ISAAC - WHITSUNDAY,14,0.011921528345250256
MACKAY - ISAAC - WHITSUNDAY,15,0.02461281026557712
MACKAY - ISAAC - WHITSUNDAY,16,-0.0006140015321756893
MACKAY - ISAAC - WHITSUNDAY,17,-0.0042977655771195096
MACKAY - ISAAC - WHITSUNDAY,18,0.01986818564862104
MACKAY - ISAAC - WHITSUNDAY,19,0.011939140704800818
MACKAY - ISAAC - WHITSUNDAY,20,0.0048496641981613875
MANDURAH,0,0.8930772307876179
MANDURAH,1,0.3883652802677184
MANDURAH,2,0.10121057368232342
MANDURAH,3,-0.13526765865901758
MANDURAH,4,0.09534537229592448
MANDURAH,5,-0.0005902832556471853
MANDURAH,6,0.0009607075415322104
MANDURAH,7,0.06969966774232102
MANDURAH,8,0.020775790605951954
MANDURAH,9,-0.0034256077447113666
MANDURAH,10,-0.022912906657105298
MANDURAH,11,0.006310925062746504
MANDURAH,12,0.010603711007529581
MANDURAH,13,0.02784557308473766
MANDURAH,14,0.005642409465758336
MANDURAH,15,-0.007752643719373731
MANDURAH,16,-0.011454662364049243
MANDURAH,17,-0.0022910111150950163
MANDURAH,18,0.0004758945858730725
MANDURAH,19,0.0001845297000119514
MANDURAH,20,-0.007498087725588623
MELBOURNE - INNER,0,0.9787393640853318
MELBOURNE - INNER,1,-0.12606440507102493
MELBOURNE - INNER,2,-0.1403462328801996
MELBOURNE - INNER,3,0.016729473550226567
MELBOURNE - INNER,4,-0.0009308049488315254
MELBOURNE - INNER,5,-0.0639971997352477
MELBOURNE - INNER,6,0.01808216689577924
MELBOURNE - INNER,7,0.003217581080393056
MELBOURNE - INNER,8,0.0010952970826332675
MELBOURNE - INNER,9,-0.0026479064202433685
MELBOURNE - INNER,10,0.004198387047502674
MELBOURNE - INNER,11,-0.0012200152741713764
MELBOURNE - INNER,12,-0.012819768850873176
MELBOURNE - INNER,13,0.004871065118883967
MELBOURNE - INNER,14,-0.008080990275444223
MELBOURNE - INNER,15,0.00994460974492134
MELBOURNE - INNER,16,-0.0018877674252838446
MELBOURNE - INNER,17,0.002632948933353699
MELBOURNE - INNER,18,-0.00664371518761774
MELBOURNE - INNER,19,0.00047511684741102794
MELBOURNE - INNER,20,-0.001174143373555318
MELBOURNE - INNER EAST,0,0.9778615246903566
MELBOURNE - INNER EAST,1,-0.12413460544107308
MELBOURNE - INNER EAST,2,-0.15370531829736603
MELBOURNE - INNER EAST,3,0.013308966953323597
MELBOURNE - INNER EAST,4,0.03345350316404349
MELBOURNE - INNER EAST,5,-0.03969431662069339
MELBOURNE - INNER EAST,6,0.006663402563686516
MELBOURNE - INNER EAST,7,-0.0034763508031802697
MELBOURNE - INNER EAST,8,-0.00016063605386986844
MELBOURNE - INNER EAST,9,0.0028330672291632867
MELBOURNE - INNER EAST,10,0.005620400237979341
MELBOURNE - INNER EAST,11,0.002885325328573746
MELBOURNE - INNER EAST,12,-0.012417871707501757
MELBOURNE - INNER EAST,13,0.008376102547460653
MELBOURNE - INNER EAST,14,-0.00667403537238358
MELBOURNE - INNER EAST,15,-0.0007440261777272971
MELBOURNE - INNER EAST,16,-0.005448562929309319
MELBOURNE - INNER EAST,17,0.004671799989182757
MELBOURNE - INNER EAST,18,0.0018810200659851806
MELBOURNE - INNER EAST,19,-0.007078726810535995
MELBOURNE - INNER EAST,20,0.0012904759586781329
MELBOURNE - INNER SOUTH,0,0.9829095114284191
MELBOURNE - INNER SOUTH,1,-0.12161900420906813
MELBOURNE - INNER SOUTH,2,-0.10885517076029624
MELBOURNE - INNER SOUTH,3,0.012656292290478982
MELBOURNE - INNER SOUTH,4,0.017093558527358943
MELBOURNE - INNER SOUTH,5,-0.059029897703660295
MELBOURNE - INNER SOUTH,6,0.01974346155895359
MELBOURNE - INNER SOUTH,7,0.0072321876498481555
MELBOURNE - INNER SOUTH,8,-0.000617180989930204
MELBOURNE - INNER SOUTH,9,0.009301417763333156
MELBOURNE - INNER SOUTH,10,0.0003644062017155948
MELBOURNE - INNER SOUTH,11,-0.004383139218924822
MELBOURNE - INNER SOUTH,12,-0.0048208684533006555
MELBOURNE - INNER SOUTH,13,0.0033098801214769026
MELBOURNE - INNER SOUTH,14,-0.005821533379508764
MELBOURNE - INNER SOUTH,15,0.0012010016516596515
MELBOURNE - INNER SOUTH,16,-0.005330034631573339
MELBOURNE - INNER SOUTH,17,0.009343207949278065
MELBOURNE - INNER SOUTH,18,-0.0027342175928392566
MELBOURNE - INNER SOUTH,19,-0.001191178006286963
MELBOURNE - INNER SOUTH,20,0.0009313159997868827
MELBOURNE - NORTH EAST,0,0.9773020291352045
MELBOURNE - NORTH EAST,1,-0.10616631037184783
MELBOURNE - NORTH EAST,2,-0.12468095063399344
MELBOURNE - NORTH EAST,3,0.0051622528137911395
MELBOURNE - NORTH EAST,4,-0.040735631856389794
MELBOURNE - NORTH EAST,5,-0.01868776428266135
MELBOURNE - NORTH EAST,6,-0.013323968157857243
MELBOURNE - NORTH EAST,7,0.007176453910813507
MELBOURNE - NORTH EAST,8,-0.009434650235076223
MELBOURNE - NORTH EAST,9,-0.0027798115828465597
MELBOURNE - NORTH EAST,10,-0.002990887590824903
MELBOURNE - NORTH EAST,11,-0.0035912961248041027
MELBOURNE - NORTH EAST,12,0.004130633281094174
MELBOURNE - NORTH EAST,13,0.0032357237498219114
MELBOURNE - NORTH EAST,14,0.008737252813791138
MELBOURNE - NORTH EAST,15,0.004747814859666619
MELBOURNE - NORTH EAST,16,-0.003912040176663342
MELBOURNE - NORTH EAST,17,0.0003124447927055136
MELBOURNE - NORTH EAST,18,-0.0016763513320985895
MELBOURNE - NORTH EAST,19,0.0033406268699244907
MELBOURNE - NORTH EAST,20,0.0013365219404473572
MELBOURNE - NORTH WEST,0,0.9833316091656974
MELBOURNE - NORTH WEST,1,-0.06794210276952233
MELBOURNE - NORTH WEST,2,-0.09891954989878107
MELBOURNE - NORTH WEST,3,0.00279243873024077
MELBOURNE - NORTH WEST,4,-0.05178894258517466
MELBOURNE - NORTH WEST,5,-0.038381127191282255
MELBOURNE - NORTH WEST,6,-0.01949008011370978
MELBOURNE - NORTH WEST,7,-0.00240975276736874
MELBOURNE - NORTH WEST,8,-0.011397094370504372
MELBOURNE - NORTH WEST,9,-0.0048123797217556104
MELBOURNE - NORTH WEST,10,-0.004071455829779903
MELBOURNE - NORTH WEST,11,0.009174954559159235
MELBOURNE - NORTH WEST,12,0.011779737692208296
MELBOURNE - NORTH WEST,13,0.0011219192832838004
MELBOURNE - NORTH WEST,14,0.00447263040013783
MELBOURNE - NORTH WEST,15,0.000979774303312228
MELBOURNE - NORTH WEST,16,-0.00285951974846018
MELBOURNE - NORTH WEST,17,-0.004463205840547874
MELBOURNE - NORTH WEST,18,0.004309632596804066
MELBOURNE - NORTH WEST,19,1.7636645561442043e-05
MELBOURNE - NORTH WEST,20,-0.002343957875694534
MELBOURNE - OUTER EAST,0,0.9856224620298084
MELBOURNE - OUTER EAST,1,-0.1200320617459191
MELBOURNE - OUTER EAST,2,-0.09046893647977286
MELBOURNE - OUTER EAST,3,-0.009214036195883603
MELBOURNE - OUTER EAST,4,-0.007377442157558553
MELBOURNE - OUTER EAST,5,-0.038558671398154734
MELBOURNE - OUTER EAST,6,-0.0028094620298083754
MELBOURNE - OUTER EAST,7,0.0019406433640880055
MELBOURNE - OUTER EAST,8,-0.007340835344215755
MELBOURNE - OUTER EAST,9,0.00500684563520227
MELBOURNE - OUTER EAST,10,0.003194657558552164
MELBOURNE - OUTER EAST,11,0.006589226401703337
MELBOURNE - OUTER EAST,12,-0.0028292182398864437
MELBOURNE - OUTER EAST,13,0.0007281316536550743
MELBOURNE - OUTER EAST,14,-0.00168903832505323
MELBOURNE - OUTER EAST,15,-0.0003606845280340667
MELBOURNE - OUTER EAST,16,-0.0037639421575585527
MELBOURNE - OUTER EAST,17,0.0006666224272533712
MELBOURNE - OUTER EAST,18,0.005130557487579844
MELBOURNE - OUTER EAST,19,-1.903442157558545e-05
MELBOURNE - OUTER EAST,20,-0.0013707523066004259
MELBOURNE - SOUTH EAST,0,0.9851394587157888
MELBOURNE - SOUTH EAST,1,-0.08060978974563633
MELBOURNE - SOUTH EAST,2,-0.1054506895755004
MELBOURNE - SOUTH EAST,3,0.011394508391270555
MELBOURNE - SOUTH EAST,4,-0.02242362452477473
MELBOURNE - SOUTH EAST,5,-0.019291644436976205
MELBOURNE - SOUTH EAST,6,-0.022589359784914612
MELBOURNE - SOUTH EAST,7,-0.001674748261883258
MELBOURNE - SOUTH EAST,8,-0.007069565208258943
MELBOURNE - SOUTH EAST,9,-0.007814917767648975
MELBOURNE - SOUTH EAST,10,0.000304426473986011
MELBOURNE - SOUTH EAST,11,9.560524270621132e-05
MELBOURNE - SOUTH EAST,12,0.004387976012938729
MELBOURNE - SOUTH EAST,13,0.0012508420676762794
MELBOURNE - SOUTH EAST,14,0.007719372807662416
MELBOURNE - SOUTH EAST,15,-0.0067340399924384065
MELBOURNE - SOUTH EAST,16,-0.006350207943876158
MELBOURNE - SOUTH EAST,17,-0.0052818618328467305
MELBOURNE - SOUTH EAST,18,0.005943938330987837
MELBOURNE - SOUTH EAST,19,-0.006002325400659538
MELBOURNE - SOUTH EAST,20,-0.003960461047280977
MELBOURNE - WEST,0,0.9806269252491027
MELBOURNE - WEST,1,-0.0654205209972165
MELBOURNE - WEST,2,-0.11625300496187825
MELBOURNE - WEST,3,-0.014728484610109326
MELBOURNE - WEST,4,-0.060074586510145626
MELBOURNE - WEST,5,-0.022441175521400628
MELBOURNE - WEST,6,-0.023404021541812908
MELBOURNE - WEST,7,3.0900802775424334e-05
MELBOURNE - WEST,8,-0.01338242446246319
MELBOURNE - WEST,9,-0.0070189890677316525
MELBOURNE - WEST,10,-0.004200921981524064
MELBOURNE - WEST,11,-0.0009550712009358986
MELBOURNE - WEST,12,0.003912847028924121
MELBOURNE - WEST,13,0.004511051071039573
MELBOURNE - WEST,14,0.007249551212231233
MELBOURNE - WEST,15,-0.004641114808987858
MELBOURNE - WEST,16,-0.007156552704828756
MELBOURNE - WEST,17,0.003744619589333978
MELBOURNE - WEST,18,0.0033943737141474035
MELBOURNE - WEST,19,-0.00029158699423131233
MELBOURNE - WEST,20,-0.0005780124248658679
MID NORTH COAST,0,0.9703502850593628
MID NORTH COAST,1,-0.09054564770189255
MID NORTH COAST,2,0.19831709768425998
MID NORTH COAST,3,-0.04299796226636887
MID NORTH COAST,4,-0.019851906077348068
MID NORTH COAST,5,0.007042144704361115
MID NORTH COAST,6,-0.020506210179851887
MID NORTH COAST,7,-0.009038027506759142
MID NORTH COAST,8,0.0028378952627248146
MID NORTH COAST,9,0.007360373809803692
MID NORTH COAST,10,-0.01279231456447631
MID NORTH COAST,11,0.004087524391677441
MID NORTH COAST,12,-0.0013444251792641354
MID NORTH COAST,13,-0.006589600329140709
MID NORTH COAST,14,-0.003127188785705889
MID NORTH COAST,15,-0.004311379452215822
MID NORTH COAST,16,-0.008088688139179498
MID NORTH COAST,17,-0.006505279769601505
MID NORTH COAST,18,-0.00611883566474668
MID NORTH COAST,19,-0.009880101093217351
MID NORTH COAST,20,-0.006067980486658046
MORETON BAY - NORTH,0,0.9823929693877551
MORETON BAY - NORTH,1,0.08100029215896884
MORETON BAY - NORTH,2,0.1241320955961332
MORETON BAY - NORTH,3,-0.019905778732545648
MORETON BAY - NORTH,4,0.008891398496240602
MORETON BAY - NORTH,5,-0.015870432330827064
MORETON BAY - NORTH,6,-0.010763896885069815
MORETON BAY - NORTH,7,-0.055712938238453275
MORETON BAY - NORTH,8,0.007730362513426424
MORETON BAY - NORTH,9,0.001324185284640171
MORETON BAY - NORTH,10,0.004524713211600429
MORETON BAY - NORTH,11,-0.0010330741138560688
MORETON BAY - NORTH,12,0.010709133190118153
MORETON BAY - NORTH,13,0.007352783566058002
MORETON BAY - NORTH,14,0.002957649838882921
MORETON BAY - NORTH,15,-0.0005492814178302899
MORETON BAY - NORTH,16,-0.001318064446831364
MORETON BAY - NORTH,17,-0.0017002669172932327
MORETON BAY - NORTH,18,0.007629198174006445
MORETON BAY - NORTH,19,-0.005219448442534909
MORETON BAY - NORTH,20,0.000625354994629431
MORETON BAY - SOUTH,0,0.9932729009771987
MORETON BAY - SOUTH,1,0.061575959609120524
MORETON BAY - SOUTH,2,0.056103371986970685
MORETON BAY - SOUTH,3,0.009636592833876221
MORETON BAY - SOUTH,4,0.01051788729641694
MORETON BAY - SOUTH,5,-0.009796978501628665
MORETON BAY - SOUTH,6,-0.018398805211726387
MORETON BAY - SOUTH,7,-0.04506207166123779
MORETON BAY - SOUTH,8,0.02218437328990228
MORETON BAY - SOUTH,9,-0.0033161465798045606
MORETON BAY - SOUTH,10,0.0017308013029315964
MORETON BAY - SOUTH,11,-0.016609654723127035
MORETON BAY - SOUTH,12,0.0033159739413680792
MORETON BAY - SOUTH,13,0.0017879387622149836
MORETON BAY - SOUTH,14,0.0017273257328990228
MORETON BAY - SOUTH,15,-0.0020772508143322476
MORETON BAY - SOUTH,16,0.0010639068403908796
MORETON BAY - SOUTH,17,-0.0015720788273615633
MORETON BAY - SOUTH,18,-0.0042725166123778495
MORETON BAY - SOUTH,19,0.0009621791530944624
MORETON BAY - SOUTH,20,0.002086381107491857
MORNINGTON PENINSULA,0,0.9905669849208152
MORNINGTON PENINSULA,1,-0.09738071720845648
MORNINGTON PENINSULA,2,-0.019484397590361448
MORNINGTON PENINSULA,3,-0.007399843903917557
MORNINGTON PENINSULA,4,-0.045462028112449794
MORNINGTON PENINSULA,5,-0.03288406721224521
MORNINGTON PENINSULA,6,0.012098370462984011
MORNINGTON PENINSULA,7,0.01674076040009093
MORNINGTON PENINSULA,8,-0.009886396150640298
MORNINGTON PENINSULA,9,0.004907010305372432
MORNINGTON PENINSULA,10,-0.009298712586193834
MORNINGTON PENINSULA,11,0.0008142952943850875
MORNINGTON PENINSULA,12,0.0032041183602333862
MORNINGTON PENINSULA,13,-0.009626444646510569
MORNINGTON PENINSULA,14,0.004618090853981966
MORNINGTON PENINSULA,15,-0.001713657649465788
MORNINGTON PENINSULA,16,-0.010633690990376601
MORNINGTON PENINSULA,17,-0.0031630817610062887
MORNINGTON PENINSULA,18,-0.003006743199211942
MORNINGTON PENINSULA,19,-0.000939884443434114
MORNINGTON PENINSULA,20,-0.0014005186784875347
MURRAY,0,0.9821056342182891
MURRAY,1,0.011409029006882992
MURRAY,2,0.15190970255653888
MURRAY,3,0.007517390609636185
MURRAY,4,0.013455212635201573
MURRAY,5,0.038179653392330384
MURRAY,6,0.014757309488692232
MURRAY,7,0.027519118731563416
MURRAY,8,-0.02419676622418879
MURRAY,9,0.0029856034906588
MURRAY,10,0.003245340462143559
MURRAY,11,0.005315506391347098
MURRAY,12,-0.0036135828416912485
MURRAY,13,-0.002499010570304819
MURRAY,14,-0.01898066371681416
MURRAY,15,0.0018015081120943952
MURRAY,16,-0.010705548180924288
MURRAY,17,-0.002745136430678466
MURRAY,18,-0.0029144960668633234
MURRAY,19,-0.0016994690265486727
MURRAY,20,0.001345850540806293
NEW ENGLAND AND NORTH WEST,0,0.9873146886783777
NEW ENGLAND AND NORTH WEST,1,0.09774010852570586
NEW ENGLAND AND NORTH WEST,2,0.02272371930469972
NEW ENGLAND AND NORTH WEST,3,0.022811631564425637
NEW ENGLAND AND NORTH WEST,4,0.027094473466384623
NEW ENGLAND AND NORTH WEST,5,0.03678505104387013
NEW ENGLAND AND NORTH WEST,6,-0.02429393083785524
NEW ENGLAND AND NORTH WEST,7,-0.003154613262209142
NEW ENGLAND AND NORTH WEST,8,-0.030230137956405775
NEW ENGLAND AND NORTH WEST,9,-0.004246340476409455
NEW ENGLAND AND NORTH WEST,10,-0.009807458843005608
NEW ENGLAND AND NORTH WEST,11,0.003783467304331831
NEW ENGLAND AND NORTH WEST,12,-0.013196998068610319
NEW ENGLAND AND NORTH WEST,13,-0.00820370274993102
NEW ENGLAND AND NORTH WEST,14,-0.006589457371470614
NEW ENGLAND AND NORTH WEST,15,-0.005165634139611883
NEW ENGLAND AND NORTH WEST,16,-0.0010083748735399615
NEW ENGLAND AND NORTH WEST,17,-0.0022215956957601394
NEW ENGLAND AND NORTH WEST,18,-0.011215955118182653
NEW ENGLAND AND NORTH WEST,19,0.0014796983353260371
NEW ENGLAND AND NORTH WEST,20,0.002246040651154235
NEWCASTLE AND LAKE MACQUARIE,0,0.9847922907207985
NEWCASTLE AND LAKE MACQUARIE,1,-0.13091792240441258
NEWCASTLE AND LAKE MACQUARIE,2,0.0668292319237552
NEWCASTLE AND LAKE MACQUARIE,3,-0.03779695658699486
NEWCASTLE AND LAKE MACQUARIE,4,-0.02240359161007091
NEWCASTLE AND LAKE MACQUARIE,5,0.01457535852313234
NEWCASTLE AND LAKE MACQUARIE,6,-0.007703465160781959
NEWCASTLE AND LAKE MACQUARIE,7,0.00998032494090278
NEWCASTLE AND LAKE MACQUARIE,8,0.006310573712055832
NEWCASTLE AND LAKE MACQUARIE,9,-0.000477911523019774
NEWCASTLE AND LAKE MACQUARIE,10,-0.01358615023826498
NEWCASTLE AND LAKE MACQUARIE,11,-0.0010322325616299575
NEWCASTLE AND LAKE MACQUARIE,12,0.002932986754718396
NEWCASTLE AND LAKE MACQUARIE,13,-0.005134719147499155
NEWCASTLE AND LAKE MACQUARIE,14,0.003653379985741623
NEWCASTLE AND LAKE MACQUARIE,15,0.005873797230873141
NEWCASTLE AND LAKE MACQUARIE,16,-0.002545901842332369
NEWCASTLE AND LAKE MACQUARIE,17,-0.00515820982327117
NEWCASTLE AND LAKE MACQUARIE,18,-0.004416232036321338
NEWCASTLE AND LAKE MACQUARIE,19,-0.0024969400772954114
NEWCASTLE AND LAKE MACQUARIE,20,0.0035035327004615214
NORTH WEST,0,0.9879544026666667
NORTH WEST,1,-0.013080269333333333
NORTH WEST,2,0.06234869422222222
NORTH WEST,3,0.04242236533333334
NORTH WEST,4,-0.02013513422222222
NORTH WEST,5,0.071808736
NORTH WEST,6,0.02927879822222222
NORTH WEST,7,0.02935280888888889
NORTH WEST,8,-0.009728403555555555
NORTH WEST,9,-0.008529632
NORTH WEST,10,0.012520043555555556
NORTH WEST,11,0.00971511911111111
NORTH WEST,12,-0.008689637333333335
NORTH WEST,13,-0.006172767111111111
NORTH WEST,14,-0.00752977688888889
NORTH WEST,15,-0.007221950222222223
NORTH WEST,16,-0.003340000888888889
NORTH WEST,17,0.007094293333333334
NORTH WEST,18,0.0029930044444444444
NORTH WEST,19,-0.0043222293333333335
NORTH WEST,20,-0.010496042666666667
NORTHERN TERRITORY - OUTBACK,0,0.9393542132416165
NORTHERN TERRITORY - OUTBACK,1,0.11873704213241616
NORTHERN TERRITORY - OUTBACK,2,-0.26830293207222694
NORTHERN TERRITORY - OUTBACK,3,0.0031325881341358556
NORTHERN TERRITORY - OUTBACK,4,-0.06804214101461736
NORTHERN TERRITORY - OUTBACK,5,0.013778400687876183
NORTHERN TERRITORY - OUTBACK,6,-0.06953197764402406
NORTHERN TERRITORY - OUTBACK,7,-0.011840343938091144
NORTHERN TERRITORY - OUTBACK,8,0.0014156405846947548
NORTHERN TERRITORY - OUTBACK,9,-0.0036595700773860707
NORTHERN TERRITORY - OUTBACK,10,-0.02983788478073947
NORTHERN TERRITORY - OUTBACK,11,-0.0036720206362854686
NORTHERN TERRITORY - OUTBACK,12,0.024115116079105763
NORTHERN TERRITORY - OUTBACK,13,-0.017419165950128976
NORTHERN TERRITORY - OUTBACK,14,-0.018301926053310408
NORTHERN TERRITORY - OUTBACK,15,0.014411599312123817
NORTHERN TERRITORY - OUTBACK,16,0.006509750644883921
NORTHERN TERRITORY - OUTBACK,17,-0.0008177644024075667
NORTHERN TERRITORY - OUTBACK,18,-0.008810326741186586
NORTHERN TERRITORY - OUTBACK,19,-0.00374798796216681
NORTHERN TERRITORY - OUTBACK,20,0.009742106620808252
PERTH - INNER,0,0.9745443602620087
PERTH - INNER,1,0.19265905349344975
PERTH - INNER,2,-0.06185633078602619
PERTH - INNER,3,0.009358015283842794
PERTH - INNER,4,0.03609797816593887
PERTH - INNER,5,-0.022104522925764196
PERTH - INNER,6,0.025924467248908296
PERTH - INNER,7,0.04706739519650656
PERTH - INNER,8,0.007731665938864629
PERTH - INNER,9,-0.011277823144104804
PERTH - INNER,10,-0.006550945414847162
PERTH - INNER,11,-0.01835141593886463
PERTH - INNER,12,0.01498732096069869
PERTH - INNER,13,0.012839446506550218
PERTH - INNER,14,-0.004162799126637555
PERTH - INNER,15,-0.0007844355895196508
PERTH - INNER,16,-0.007496446506550219
PERTH - INNER,17,0.003559924672489083
PERTH - INNER,18,-0.003032879912663756
PERTH - INNER,19,0.0013808613537117903
PERTH - INNER,20,0.002851009825327512
PERTH - NORTH EAST,0,0.9450844681223727
PERTH - NORTH EAST,1,0.281808644908921
PERTH - NORTH EAST,2,-0.10028163650163474
PERTH - NORTH EAST,3,-0.05554529425502102
PERTH - NORTH EAST,4,0.07278043963101355
PERTH - NORTH EAST,5,0.014736488790284913
PERTH - NORTH EAST,6,-0.0026497985754320406
PERTH - NORTH EAST,7,0.050788094348435314
PERTH - NORTH EAST,8,0.013293267164876226
PERTH - NORTH EAST,9,-0.008275657986921998
PERTH - NORTH EAST,10,-0.001832175385333956
PERTH - NORTH EAST,11,-0.005743123540401683
PERTH - NORTH EAST,12,0.00967765004670715
PERTH - NORTH EAST,13,0.0019195796356842598
PERTH - NORTH EAST,14,-0.000739069360112097
PERTH - NORTH EAST,15,-0.002266422232601588
PERTH - NORTH EAST,16,0.003010521368519383
PERTH - NORTH EAST,17,-0.005700784680056048
PERTH - NORTH EAST,18,-0.002947740541802896
PERTH - NORTH EAST,19,-0.0014642340028024284
PERTH - NORTH EAST,20,-0.003187745212517515
PERTH - NORTH WEST,0,0.9482789450674307
PERTH - NORTH WEST,1,0.27596965815343577
PERTH - NORTH WEST,2,-0.07674797658449832
PERTH - NORTH WEST,3,-0.05921343921355529
PERTH - NORTH WEST,4,0.05614398557526059
PERTH - NORTH WEST,5,0.013430843007459364
PERTH - NORTH WEST,6,0.008556407894086845
PERTH - NORTH WEST,7,0.04173974386207579
PERTH - NORTH WEST,8,0.004940584152546559
PERTH - NORTH WEST,9,0.00019499308402904684
PERTH - NORTH WEST,10,-0.004621595366299461
PERTH - NORTH WEST,11,-0.0062008988292249195
PERTH - NORTH WEST,12,0.014267141234006816
PERTH - NORTH WEST,13,0.015762626833967293
PERTH - NORTH WEST,14,-0.0007029968384132785
PERTH - NORTH WEST,15,0.005357710072617695
PERTH - NORTH WEST,16,0.004550441881144099
PERTH - NORTH WEST,17,-0.0021614471669218994
PERTH - NORTH WEST,18,-0.002776843353257916
PERTH - NORTH WEST,19,-0.000577625598972484
PERTH - NORTH WEST,20,-0.0008952598429086593
PERTH - SOUTH EAST,0,0.9428582675254362
PERTH - SOUTH EAST,1,0.28161422726282714
PERTH - SOUTH EAST,2,-0.10867137932107408
PERTH - SOUTH EAST,3,-0.04249867450760759
PERTH - SOUTH EAST,4,0.07924188742649116
PERTH - SOUTH EAST,5,0.02613420081520894
PERTH - SOUTH EAST,6,-0.004972525591959925
PERTH - SOUTH EAST,7,0.04132200006222969
PERTH - SOUTH EAST,8,0.012673176203366629
PERTH - SOUTH EAST,9,-0.0028659603596876064
PERTH - SOUTH EAST,10,-0.0097925610628831
PERTH - SOUTH EAST,11,0.0006281776035346465
PERTH - SOUTH EAST,12,0.018346554030928153
PERTH - SOUTH EAST,13,0.01073808145866393
PERTH - SOUTH EAST,14,-0.005699091135380689
PERTH - SOUTH EAST,15,0.005242210709729614
PERTH - SOUTH EAST,16,0.003984421108310775
PERTH - SOUTH EAST,17,-0.003947835029092379
PERTH - SOUTH EAST,18,-0.002262240579980708
PERTH - SOUTH EAST,19,0.0035344652913905225
PERTH - SOUTH EAST,20,-0.0020187298920314877
PERTH - SOUTH WEST,0,0.946701314255432
PERTH - SOUTH WEST,1,0.275665957251369
PERTH - SOUTH WEST,2,-0.047204189012541954
PERTH - SOUTH WEST,3,-0.05837707295530825
PERTH - SOUTH WEST,4,0.0716602808691044
PERTH - SOUTH WEST,5,0.015317518812930581
PERTH - SOUTH WEST,6,-0.0026655947712418302
PERTH - SOUTH WEST,7,0.04632920791379614
PERTH - SOUTH WEST,8,0.008425909909909908
PERTH - SOUTH WEST,9,-0.003138947889065537
PERTH - SOUTH WEST,10,-0.004603163045398339
PERTH - SOUTH WEST,11,0.00031064511570393896
PERTH - SOUTH WEST,12,0.011775764705882352
PERTH - SOUTH WEST,13,0.008353243596537715
PERTH - SOUTH WEST,14,0.0005656883942766299
PERTH - SOUTH WEST,15,0.0036697159512453625
PERTH - SOUTH WEST,16,0.002426173467585232
PERTH - SOUTH WEST,17,-0.005602618265324148
PERTH - SOUTH WEST,18,-0.00573257834304893
PERTH - SOUTH WEST,19,0.0006480282635576753
PERTH - SOUTH WEST,20,-0.002191023847376788
QUEENSLAND - OUTBACK,0,0.8742690201271186
QUEENSLAND - OUTBACK,1,0.37887092161016944
QUEENSLAND - OUTBACK,2,-0.19629824152542374
QUEENSLAND - OUTBACK,3,0.06593074152542373
QUEENSLAND - OUTBACK,4,-0.03442217690677967
QUEENSLAND - OUTBACK,5,-0.012734316737288136
QUEENSLAND - OUTBACK,6,0.05742345868644068
QUEENSLAND - OUTBACK,7,-0.014739030720338983
QUEENSLAND - OUTBACK,8,0.007282939618644072
QUEENSLAND - OUTBACK,9,-0.010671398305084748
QUEENSLAND - OUTBACK,10,0.02039759533898305
QUEENSLAND - OUTBACK,11,-0.026424814618644068
QUEENSLAND - OUTBACK,12,-0.005006869703389831
QUEENSLAND - OUTBACK,13,-0.01765916843220339
QUEENSLAND - OUTBACK,14,0.03393221398305085
QUEENSLAND - OUTBACK,15,-0.0016718167372881355
QUEENSLAND - OUTBACK,16,0.01858934322033898
QUEENSLAND - OUTBACK,17,-0.013911509533898305
QUEENSLAND - OUTBACK,18,-0.00800334745762712
QUEENSLAND - OUTBACK,19,0.001333585805084746
QUEENSLAND - OUTBACK,20,-0.007780497881355933
RICHMOND - TWEED,0,0.9805591544326129
RICHMOND - TWEED,1,-0.02332632978388256
RICHMOND - TWEED,2,0.14334081028290596
RICHMOND - TWEED,3,0.009009841219834919
RICHMOND - TWEED,4,-0.01057875370172012
RICHMOND - TWEED,5,-0.04395683195765863
RICHMOND - TWEED,6,-0.006470618108499779
RICHMOND - TWEED,7,0.010425954886270556
RICHMOND - TWEED,8,0.025239843110074982
RICHMOND - TWEED,9,0.014228070064898242
RICHMOND - TWEED,10,0.011827954130174533
RICHMOND - TWEED,11,0.0131082842921051
RICHMOND - TWEED,12,0.011692972717535128
RICHMOND - TWEED,13,-0.011934945498078255
RICHMOND - TWEED,14,0.011137256631592212
RICHMOND - TWEED,15,0.00276530905424989
RICHMOND - TWEED,16,0.004713764098040451
RICHMOND - TWEED,17,-0.001324593283346985
RICHMOND - TWEED,18,-0.008441562598450005
RICHMOND - TWEED,19,0.003119958414718669
RICHMOND - TWEED,20,0.0014638321466826287
RIVERINA,0,0.9778592179343774
RIVERINA,1,-0.010170484712900819
RIVERINA,2,0.11271423191648024
RIVERINA,3,0.07339427572706934
RIVERINA,4,0.008762176547352724
RIVERINA,5,0.03850298844146159
RIVERINA,6,0.018408344519015664
RIVERINA,7,0.0010764876957494395
RIVERINA,8,-0.03922113348247576
RIVERINA,9,-0.019126034675615213
RIVERINA,10,-0.006947350857568977
RIVERINA,11,0.0052731841909023115
RIVERINA,12,-0.002131394481730052
RIVERINA,13,0.0037870870618941085
RIVERINA,14,-0.0027238814317673376
RIVERINA,15,0.013609403430275913
RIVERINA,16,0.0026316452274422067
RIVERINA,17,0.0014212742356450412
RIVERINA,18,-0.005931862416107382
RIVERINA,19,-0.005113827367636093
RIVERINA,20,0.00772315249813572
SHEPPARTON,0,0.989641284685323
SHEPPARTON,1,0.04683824890778132
SHEPPARTON,2,0.058651895147006736
SHEPPARTON,3,0.03234657338528752
SHEPPARTON,4,-0.03584259416696185
SHEPPARTON,5,0.06371983705278073
SHEPPARTON,6,0.039543150312905895
SHEPPARTON,7,0.022795873184555435
SHEPPARTON,8,-0.02238814618018656
SHEPPARTON,9,-0.007920096823710003
SHEPPARTON,10,0.015247995040736805
SHEPPARTON,11,0.011730264494037078
SHEPPARTON,12,0.00610673633250679
SHEPPARTON,13,0.00258331089857126
SHEPPARTON,14,-0.003990621088676349
SHEPPARTON,15,-0.005450023615539026
SHEPPARTON,16,-0.006124697130712008
SHEPPARTON,17,0.0031606222694533005
SHEPPARTON,18,0.00683434407840359
SHEPPARTON,19,0.0013211063880033064
SHEPPARTON,20,0.005276279371826662
SOUTH AUSTRALIA - OUTBACK,0,0.9092947352297592
SOUTH AUSTRALIA - OUTBACK,1,0.3429626608315098
SOUTH AUSTRALIA - OUTBACK,2,-0.021544105032822756
SOUTH AUSTRALIA - OUTBACK,3,-0.07007162800875273
SOUTH AUSTRALIA - OUTBACK,4,-0.013776227571115974
SOUTH AUSTRALIA - OUTBACK,5,0.008255304157549236
SOUTH AUSTRALIA - OUTBACK,6,0.0121251466083151
SOUTH AUSTRALIA - OUTBACK,7,-0.02347319912472648
SOUTH AUSTRALIA - OUTBACK,8,-0.005533203501094092
SOUTH AUSTRALIA - OUTBACK,9,-0.014906936542669584
SOUTH AUSTRALIA - OUTBACK,10,0.01032542669584245
SOUTH AUSTRALIA - OUTBACK,11,0.011093711159737417
SOUTH AUSTRALIA - OUTBACK,12,-0.03034479212253829
SOUTH AUSTRALIA - OUTBACK,13,-0.0045026870897155345
SOUTH AUSTRALIA - OUTBACK,14,0.014418319474835887
SOUTH AUSTRALIA - OUTBACK,15,0.004228240700218819
SOUTH AUSTRALIA - OUTBACK,16,-0.00014583369803063438
SOUTH AUSTRALIA - OUTBACK,17,-0.00782769365426696
SOUTH AUSTRALIA - OUTBACK,18,-0.0011204726477024084
SOUTH AUSTRALIA - OUTBACK,19,-0.011142
SOUTH AUSTRALIA - OUTBACK,20,-0.0023333391684901526
SOUTH AUSTRALIA - SOUTH EAST,0,0.9766935134896845
SOUTH AUSTRALIA - SOUTH EAST,1,0.12427086845353552
SOUTH AUSTRALIA - SOUTH EAST,2,0.11973962087815199
SOUTH AUSTRALIA - SOUTH EAST,3,-0.03170664168576971
SOUTH AUSTRALIA - SOUTH EAST,4,-0.0020295168400634813
SOUTH AUSTRALIA - SOUTH EAST,5,0.024852750837594785
SOUTH AUSTRALIA - SOUTH EAST,6,0.029186259918885557
SOUTH AUSTRALIA - SOUTH EAST,7,-0.024308684535355313
SOUTH AUSTRALIA - SOUTH EAST,8,-0.04514974783988715
SOUTH AUSTRALIA - SOUTH EAST,9,-0.014633653676600245
SOUTH AUSTRALIA - SOUTH EAST,10,-0.005731650502556867
SOUTH AUSTRALIA - SOUTH EAST,11,0.014325818197848702
SOUTH AUSTRALIA - SOUTH EAST,12,0.00454073620172809
SOUTH AUSTRALIA - SOUTH EAST,13,0.00010507494269088346
SOUTH AUSTRALIA - SOUTH EAST,14,0.0010718885558102628
SOUTH AUSTRALIA - SOUTH EAST,15,0.0066812775524598845
SOUTH AUSTRALIA - SOUTH EAST,16,0.002038148474695821
SOUTH AUSTRALIA - SOUTH EAST,17,0.0035661664609416333
SOUTH AUSTRALIA - SOUTH EAST,18,-0.006634153588432376
SOUTH AUSTRALIA - SOUTH EAST,19,-0.008497348792100158
SOUTH AUSTRALIA - SOUTH EAST,20,-0.003948167871627579
SOUTH EAST,0,0.9879105437968088
SOUTH EAST,1,0.03938271572777596
SOUTH EAST,2,0.08755309996743732
SOUTH EAST,3,0.09851998046239009
SOUTH EAST,4,-0.02302401172256594
SOUTH EAST,5,-0.011259156626506023
SOUTH EAST,6,-0.028004789970693583
SOUTH EAST,7,0.009284285249104527
SOUTH EAST,8,-0.006537408010420059
SOUTH EAST,9,0.013042103549332463
SOUTH EAST,10,0.014760937805275154
SOUTH EAST,11,-0.008120716379029632
SOUTH EAST,12,0.0012539368283946597
SOUTH EAST,13,0.008024246173884728
SOUTH EAST,14,-0.0007169293389775316
SOUTH EAST,15,-0.003079908824487138
SOUTH EAST,16,-0.0077445587756431135
SOUTH EAST,17,-0.004205809182676652
SOUTH EAST,18,-0.002461097362422664
SOUTH EAST,19,-0.004164776945620319
SOUTH EAST,20,-0.005875083034842071
SOUTHERN HIGHLANDS AND SHOALHAVEN,0,0.9641362263270205
SOUTHERN HIGHLANDS AND SHOALHAVEN,1,-0.1961275760202721
SOUTHERN HIGHLANDS AND SHOALHAVEN,2,0.1488665410776207
SOUTHERN HIGHLANDS AND SHOALHAVEN,3,-0.03369489530541477
SOUTHERN HIGHLANDS AND SHOALHAVEN,4,-0.014438388903707656
SOUTHERN HIGHLANDS AND SHOALHAVEN,5,-7.677980794878613e-05
SOUTHERN HIGHLANDS AND SHOALHAVEN,6,-0.002676671112296613
SOUTHERN HIGHLANDS AND SHOALHAVEN,7,0.022365972259269142
SOUTHERN HIGHLANDS AND SHOALHAVEN,8,-0.001368308882368632
SOUTHERN HIGHLANDS AND SHOALHAVEN,9,0.014189637236596424
SOUTHERN HIGHLANDS AND SHOALHAVEN,10,-0.023319485196052286
SOUTHERN HIGHLANDS AND SHOALHAVEN,11,0.00044101493731661765
SOUTHERN HIGHLANDS AND SHOALHAVEN,12,-0.002242733395572153
SOUTHERN HIGHLANDS AND SHOALHAVEN,13,-0.016264003734329156
SOUTHERN HIGHLANDS AND SHOALHAVEN,14,0.0003172966124299813
SOUTHERN HIGHLANDS AND SHOALHAVEN,15,0.004435010669511869
SOUTHERN HIGHLANDS AND SHOALHAVEN,16,0.001355517471325687
SOUTHERN HIGHLANDS AND SHOALHAVEN,17,0.0032805194718591624
SOUTHERN HIGHLANDS AND SHOALHAVEN,18,-0.005704810616164311
SOUTHERN HIGHLANDS AND SHOALHAVEN,19,-0.004010982261936516
SOUTHERN HIGHLANDS AND SHOALHAVEN,20,0.004199779274473193
SUNSHINE COAST,0,0.9798348941646629
SUNSHINE COAST,1,-0.0027308432959664017
SUNSHINE COAST,2,0.17752132353439226
SUNSHINE COAST,3,-0.005486190266535714
SUNSHINE COAST,4,0.014121982930876822
SUNSHINE COAST,5,-0.011045087546990894
SUNSHINE COAST,6,0.005944276763640058
SUNSHINE COAST,7,-0.015361730619433056
SUNSHINE COAST,8,0.03370622616588208
SUNSHINE COAST,9,-0.003996560436210926
SUNSHINE COAST,10,-0.002493741321502355
SUNSHINE COAST,11,0.00879151386866258
SUNSHINE COAST,12,0.009241599891624616
SUNSHINE COAST,13,1.1521658143393422e-06
SUNSHINE COAST,14,0.009228860026416501
SUNSHINE COAST,15,0.004009102855014056
SUNSHINE COAST,16,0.0011367677041351982
SUNSHINE COAST,17,0.011936491685575916
SUNSHINE COAST,18,0.000842402546821553
SUNSHINE COAST,19,-0.0014239580722728352
SUNSHINE COAST,20,-0.0007514742439123514
SYDNEY - BAULKHAM HILLS AND HAWKESBURY,0,0.9548665658578854
SYDNEY - BAULKHAM HILLS AND HAWKESBURY,1,-0.2731133587521664
SYDNEY - BAULKHAM HILLS AND HAWKESBURY,2,-0.004321701906412477
SYDNEY - BAULKHAM HILLS AND HAWKESBURY,3,0.0008187634315424586
SYDNEY - BAULKHAM HILLS AND HAWKESBURY,4,0.04691142201039863
SYDNEY - BAULKHAM HILLS AND HAWKESBURY,5,0.042678773830155975
SYDNEY - BAULKHAM HILLS AND HAWKESBURY,6,0.01584398266897747
SYDNEY - BAULKHAM HILLS AND HAWKESBURY,7,0.009464013864818023
SYDNEY - BAULKHAM HILLS AND HAWKESBURY,8,-0.01208319150779896
SYDNEY - BAULKHAM HILLS AND HAWKESBURY,9,0.0056361923743500865
SYDNEY - BAULKHAM HILLS AND HAWKESBURY,10,0.009837399480069325
SYDNEY - BAULKHAM HILLS AND HAWKESBURY,11,-0.00418142027729636
SYDNEY - BAULKHAM HILLS AND HAWKESBURY,12,-0.0044769870017331015
SYDNEY - BAULKHAM HILLS AND HAWKESBURY,13,0.006071145580589254
SYDNEY - BAULKHAM HILLS AND HAWKESBURY,14,0.005181110918544193
SYDNEY - BAULKHAM HILLS AND HAWKESBURY,15,0.00025847660311958417
SYDNEY - BAULKHAM HILLS AND HAWKESBURY,16,-0.0025069133448873482
SYDNEY - BAULKHAM HILLS AND HAWKESBURY,17,-0.00505878596187175
SYDNEY - BAULKHAM HILLS AND HAWKESBURY,18,0.005964931542461006
SYDNEY - BAULKHAM HILLS AND HAWKESBURY,19,-0.00654275649913345
SYDNEY - BAULKHAM HILLS AND HAWKESBURY,20,0.0036847296360485275
SYDNEY - BLACKTOWN,0,0.9583336112037345
SYDNEY - BLACKTOWN,1,-0.26346143881293765
SYDNEY - BLACKTOWN,2,-0.011700626875625208
SYDNEY - BLACKTOWN,3,-0.0635780788040458
SYDNEY - BLACKTOWN,4,0.041911170945870845
SYDNEY - BLACKTOWN,5,0.04077148438368346
SYDNEY - BLACKTOWN,6,-0.004364877737023452
SYDNEY - BLACKTOWN,7,0.0062197254640435715
SYDNEY - BLACKTOWN,8,-0.017354279204179174
SYDNEY - BLACKTOWN,9,-0.0003927814827164612
SYDNEY - BLACKTOWN,10,0.01668018283872402
SYDNEY - BLACKTOWN,11,0.0034748471712793155
SYDNEY - BLACKTOWN,12,-0.003042638101589418
SYDNEY - BLACKTOWN,13,0.0005676847838168278
SYDNEY - BLACKTOWN,14,0.007679123041013671
SYDNEY - BLACKTOWN,15,-0.001524764921640547
SYDNEY - BLACKTOWN,16,0.004699099144159164
SYDNEY - BLACKTOWN,17,-0.006003676781149272
SYDNEY - BLACKTOWN,18,-0.00014454262531955102
SYDNEY - BLACKTOWN,19,0.004693641769478714
SYDNEY - BLACKTOWN,20,0.0053745670779148606
SYDNEY - CITY AND INNER SOUTH,0,0.9613280070024238
SYDNEY - CITY AND INNER SOUTH,1,-0.25212837732291943
SYDNEY - CITY AND INNER SOUTH,2,-0.09383162671694045
SYDNEY - CITY AND INNER SOUTH,3,0.016659441152706702
SYDNEY - CITY AND INNER SOUTH,4,0.02708799622946404
SYDNEY - CITY AND INNER SOUTH,5,0.0146419000807972
SYDNEY - CITY AND INNER SOUTH,6,0.007084169135469971
SYDNEY - CITY AND INNER SOUTH,7,-0.005800095610018853
SYDNEY - CITY AND INNER SOUTH,8,0.00493048747643415
SYDNEY - CITY AND INNER SOUTH,9,0.004878870185833558
SYDNEY - CITY AND INNER SOUTH,10,-0.0029486399138163215
SYDNEY - CITY AND INNER SOUTH,11,0.006074233773229194
SYDNEY - CITY AND INNER SOUTH,12,-0.014178404255319148
SYDNEY - CITY AND INNER SOUTH,13,0.007044981147320226
SYDNEY - CITY AND INNER SOUTH,14,-0.0003065324535416107
SYDNEY - CITY AND INNER SOUTH,15,0.009066540533261513
SYDNEY - CITY AND INNER SOUTH,16,0.0017597710746027472
SYDNEY - CITY AND INNER SOUTH,17,-0.007410448424454621
SYDNEY - CITY AND INNER SOUTH,18,-0.0030378009695663888
SYDNEY - CITY AND INNER SOUTH,19,0.006207304066792351
SYDNEY - CITY AND INNER SOUTH,20,-0.009809618906544575
SYDNEY - EASTERN SUBURBS,0,0.9695576055285766
SYDNEY - EASTERN SUBURBS,1,-0.22794483625949447
SYDNEY - EASTERN SUBURBS,2,-0.017937043954675633
SYDNEY - EASTERN SUBURBS,3,0.032866347901880213
SYDNEY - EASTERN SUBURBS,4,0.020578317768646496
SYDNEY - EASTERN SUBURBS,5,-0.013395432698294112
SYDNEY - EASTERN SUBURBS,6,0.03772833022039596
SYDNEY - EASTERN SUBURBS,7,0.007947814717967874
SYDNEY - EASTERN SUBURBS,8,0.007756961773129125
SYDNEY - EASTERN SUBURBS,9,0.008096492342174076
SYDNEY - EASTERN SUBURBS,10,-0.010551109450877847
SYDNEY - EASTERN SUBURBS,11,0.00132057153530071
SYDNEY - EASTERN SUBURBS,12,-0.006447843356991657
SYDNEY - EASTERN SUBURBS,13,0.009389211804258496
SYDNEY - EASTERN SUBURBS,14,-0.00017514630805628187
SYDNEY - EASTERN SUBURBS,15,0.013168915452621093
SYDNEY - EASTERN SUBURBS,16,-0.002755922052048313
SYDNEY - EASTERN SUBURBS,17,-0.002554711741999751
SYDNEY - EASTERN SUBURBS,18,0.00494055410285145
SYDNEY - EASTERN SUBURBS,19,-0.0049731851575146304
SYDNEY - EASTERN SUBURBS,20,-0.001473094259743494
SYDNEY - INNER SOUTH WEST,0,0.9520323682849756
SYDNEY - INNER SOUTH WEST,1,-0.2803316116058604
SYDNEY - INNER SOUTH WEST,2,-0.07694621602987649
SYDNEY - INNER SOUTH WEST,3,-0.019622632576845732
SYDNEY - INNER SOUTH WEST,4,0.03911961275495547
SYDNEY - INNER SOUTH WEST,5,0.0664831002585464
SYDNEY - INNER SOUTH WEST,6,-0.0028054943981614486
SYDNEY - INNER SOUTH WEST,7,-0.0198664877908647
SYDNEY - INNER SOUTH WEST,8,0.010121055443837977
SYDNEY - INNER SOUTH WEST,9,0.027503261706406205
SYDNEY - INNER SOUTH WEST,10,-0.002633141625969548
SYDNEY - INNER SOUTH WEST,11,0.007337542085607585
SYDNEY - INNER SOUTH WEST,12,-0.0014933967250789998
SYDNEY - INNER SOUTH WEST,13,0.0014556799770180982
SYDNEY - INNER SOUTH WEST,14,0.008985274920999712
SYDNEY - INNER SOUTH WEST,15,0.005926125251364551
SYDNEY - INNER SOUTH WEST,16,-0.00585410571674806
SYDNEY - INNER SOUTH WEST,17,0.0003567026716460787
SYDNEY - INNER SOUTH WEST,18,0.0076829796035621945
SYDNEY - INNER SOUTH WEST,19,0.004966793450157999
SYDNEY - INNER SOUTH WEST,20,0.0032144952599827636
SYDNEY - INNER WEST,0,0.9628868723449447
SYDNEY - INNER WEST,1,-0.24719968351741717
SYDNEY - INNER WEST,2,-0.08104544923534408
SYDNEY - INNER WEST,3,0.006688108538657605
SYDNEY - INNER WEST,4,0.03926499468988955
SYDNEY - INNER WEST,5,0.01759908453695837
SYDNEY - INNER WEST,6,0.014710628717077316
SYDNEY - INNER WEST,7,-0.005177810110450297
SYDNEY - INNER WEST,8,0.011101680118946472
SYDNEY - INNER WEST,9,0.011912603016142737
SYDNEY - INNER WEST,10,-0.0016640431180968563
SYDNEY - INNER WEST,11,0.015329175870858113
SYDNEY - INNER WEST,12,-0.012693650169923534
SYDNEY - INNER WEST,13,0.012201400807136787
SYDNEY - INNER WEST,14,-0.0018385429056924378
SYDNEY - INNER WEST,15,-0.0042681977485131695
SYDNEY - INNER WEST,16,0.009386699235344095
SYDNEY - INNER WEST,17,-6.749999999999996e-05
SYDNEY - INNER WEST,18,0.004378642735768904
SYDNEY - INNER WEST,19,-0.004821230883602379
SYDNEY - INNER WEST,20,-0.0009061788445199659
SYDNEY - NORTH SYDNEY AND HORNSBY,0,0.9586589245536806
SYDNEY - NORTH SYDNEY AND HORNSBY,1,-0.26527936292492055
SYDNEY - NORTH SYDNEY AND HORNSBY,2,-0.028904274883834683
SYDNEY - NORTH SYDNEY AND HORNSBY,3,0.049656174492540964
SYDNEY - NORTH SYDNEY AND HORNSBY,4,0.05317622340425532
SYDNEY - NORTH SYDNEY AND HORNSBY,5,0.006832760454878946
SYDNEY - NORTH SYDNEY AND HORNSBY,6,0.028213581560283685
SYDNEY - NORTH SYDNEY AND HORNSBY,7,0.009956235632183907
SYDNEY - NORTH SYDNEY AND HORNSBY,8,0.003183779652726828
SYDNEY - NORTH SYDNEY AND HORNSBY,9,0.012276763267302518
SYDNEY - NORTH SYDNEY AND HORNSBY,10,-0.0012939300562484714
SYDNEY - NORTH SYDNEY AND HORNSBY,11,0.005999224137931035
SYDNEY - NORTH SYDNEY AND HORNSBY,12,-0.014784805575935436
SYDNEY - NORTH SYDNEY AND HORNSBY,13,0.006631327341648326
SYDNEY - NORTH SYDNEY AND HORNSBY,14,0.00817778796771827
SYDNEY - NORTH SYDNEY AND HORNSBY,15,0.007711919173392028
SYDNEY - NORTH SYDNEY AND HORNSBY,16,0.0022755569821472244
SYDNEY - NORTH SYDNEY AND HORNSBY,17,-0.0022312441917339207
SYDNEY - NORTH SYDNEY AND HORNSBY,18,0.0014622957935925655
SYDNEY - NORTH SYDNEY AND HORNSBY,19,0.0015189453411592081
SYDNEY - NORTH SYDNEY AND HORNSBY,20,-0.0032966715578381027
SYDNEY - NORTHERN BEACHES,0,0.9586536166867079
SYDNEY - NORTHERN BEACHES,1,-0.2584130838960318
SYDNEY - NORTHERN BEACHES,2,0.031861786143742486
SYDNEY - NORTHERN BEACHES,3,0.05343202848950143
SYDNEY - NORTHERN BEACHES,4,0.03932463416890204
SYDNEY - NORTHERN BEACHES,5,-0.00958463231893442
SYDNEY - NORTHERN BEACHES,6,0.04524117010452317
SYDNEY - NORTHERN BEACHES,7,0.024715640551290354
SYDNEY - NORTHERN BEACHES,8,0.009761448524650818
SYDNEY - NORTHERN BEACHES,9,0.026334954213301266
SYDNEY - NORTHERN BEACHES,10,0.0086708972342984
SYDNEY - NORTHERN BEACHES,11,0.00274547682915549
SYDNEY - NORTHERN BEACHES,12,-0.006050981407825363
SYDNEY - NORTHERN BEACHES,13,-0.0056905438904819175
SYDNEY - NORTHERN BEACHES,14,0.007213984830265471
SYDNEY - NORTHERN BEACHES,15,0.004843108870594765
SYDNEY - NORTHERN BEACHES,16,-0.00317537045601702
SYDNEY - NORTHERN BEACHES,17,-0.002322823050596614
SYDNEY - NORTHERN BEACHES,18,-0.004225903246693182
SYDNEY - NORTHERN BEACHES,19,0.003750811210803811
SYDNEY - NORTHERN BEACHES,20,-0.0008131134955138285
SYDNEY - OUTER SOUTH WEST,0,0.9574660771356482
SYDNEY - OUTER SOUTH WEST,1,-0.2598626661059714
SYDNEY - OUTER SOUTH WEST,2,0.03001629400456566
SYDNEY - OUTER SOUTH WEST,3,-0.082218614081461
SYDNEY - OUTER SOUTH WEST,4,0.02792612219151748
SYDNEY - OUTER SOUTH WEST,5,0.02844504024990989
SYDNEY - OUTER SOUTH WEST,6,-0.001285493812327286
SYDNEY - OUTER SOUTH WEST,7,0.00687557851736153
SYDNEY - OUTER SOUTH WEST,8,-0.02395850414513998
SYDNEY - OUTER SOUTH WEST,9,-0.001051149225039049
SYDNEY - OUTER SOUTH WEST,10,0.008665046858104049
SYDNEY - OUTER SOUTH WEST,11,-0.004029104289318756
SYDNEY - OUTER SOUTH WEST,12,-0.00269787456445993
SYDNEY - OUTER SOUTH WEST,13,-0.009900027033521566
SYDNEY - OUTER SOUTH WEST,14,0.008207029917097201
SYDNEY - OUTER SOUTH WEST,15,-0.007303913252433017
SYDNEY - OUTER SOUTH WEST,16,0.007870777964676199
SYDNEY - OUTER SOUTH WEST,17,-0.002574807160879491
SYDNEY - OUTER SOUTH WEST,18,0.002233366574552445
SYDNEY - OUTER SOUTH WEST,19,-0.009619119307941848
SYDNEY - OUTER SOUTH WEST,20,0.0022084795145981017
SYDNEY - OUTER WEST AND BLUE MOUNTAINS,0,0.9597932323336604
SYDNEY - OUTER WEST AND BLUE MOUNTAINS,1,-0.2587781463893047
SYDNEY - OUTER WEST AND BLUE MOUNTAINS,2,0.024343654570794404
SYDNEY - OUTER WEST AND BLUE MOUNTAINS,3,-0.056656016621070546
SYDNEY - OUTER WEST AND BLUE MOUNTAINS,4,0.03216388169101326
SYDNEY - OUTER WEST AND BLUE MOUNTAINS,5,0.017606492541165537
SYDNEY - OUTER WEST AND BLUE MOUNTAINS,6,-0.0027820626645331126
SYDNEY - OUTER WEST AND BLUE MOUNTAINS,7,0.018924756620038195
SYDNEY - OUTER WEST AND BLUE MOUNTAINS,8,-0.01739219429102359
SYDNEY - OUTER WEST AND BLUE MOUNTAINS,9,0.011558394672998505
SYDNEY - OUTER WEST AND BLUE MOUNTAINS,10,0.006848222784287411
SYDNEY - OUTER WEST AND BLUE MOUNTAINS,11,-0.011383530170856344
SYDNEY - OUTER WEST AND BLUE MOUNTAINS,12,-0.0018043343829040417
SYDNEY - OUTER WEST AND BLUE MOUNTAINS,13,-0.012054829401744696
SYDNEY - OUTER WEST AND BLUE MOUNTAINS,14,0.0019945898931502605
SYDNEY - OUTER WEST AND BLUE MOUNTAINS,15,-0.0027009559696484797
SYDNEY - OUTER WEST AND BLUE MOUNTAINS,16,0.0016534630671553195
SYDNEY - OUTER WEST AND BLUE MOUNTAINS,17,-0.006157163578175811
SYDNEY - OUTER WEST AND BLUE MOUNTAINS,18,0.00704936509575182
SYDNEY - OUTER WEST AND BLUE MOUNTAINS,19,0.001990792339854436
SYDNEY - OUTER WEST AND BLUE MOUNTAINS,20,0.006134091777215713
SYDNEY - PARRAMATTA,0,0.9475107954200787
SYDNEY - PARRAMATTA,1,-0.2927396860782529
SYDNEY - PARRAMATTA,2,-0.06997065362450713
SYDNEY - PARRAMATTA,3,-0.015354915074309977
SYDNEY - PARRAMATTA,4,0.05456193964209888
SYDNEY - PARRAMATTA,5,0.07276561495298757
SYDNEY - PARRAMATTA,6,-0.007508398544131028
SYDNEY - PARRAMATTA,7,-0.013814026387625114
SYDNEY - PARRAMATTA,8,0.005119763421292083
SYDNEY - PARRAMATTA,9,0.0092127737336973
SYDNEY - PARRAMATTA,10,0.0035581232939035485
SYDNEY - PARRAMATTA,11,0.011235906126781924
SYDNEY - PARRAMATTA,12,-0.0006839247801031241
SYDNEY - PARRAMATTA,13,0.009504662572035184
SYDNEY - PARRAMATTA,14,0.013505646800121326
SYDNEY - PARRAMATTA,15,0.0028869570821959357
SYDNEY - PARRAMATTA,16,0.0047189702760084915
SYDNEY - PARRAMATTA,17,-0.002218717773733697
SYDNEY - PARRAMATTA,18,-0.0016908105853806485
SYDNEY - PARRAMATTA,19,-0.0020496019108280253
SYDNEY - PARRAMATTA,20,0.001358225659690628
SYDNEY - RYDE,0,0.9580267139894719
SYDNEY - RYDE,1,-0.26065423512521935
SYDNEY - RYDE,2,-0.07391644759929814
SYDNEY - RYDE,3,0.02346799808581911
SYDNEY - RYDE,4,0.060831636624661026
SYDNEY - RYDE,5,0.03204492104003828
SYDNEY - RYDE,6,0.025265303876216304
SYDNEY - RYDE,7,-0.00425903971925347
SYDNEY - RYDE,8,0.010462563407241984
SYDNEY - RYDE,9,0.010191917371191576
SYDNEY - RYDE,10,0.008658356994736003
SYDNEY - RYDE,11,0.008876986760248843
SYDNEY - RYDE,12,-0.008239486361461159
SYDNEY - RYDE,13,0.004461532939862817
SYDNEY - RYDE,14,0.003924066039240708
SYDNEY - RYDE,15,-0.004409288562769182
SYDNEY - RYDE,16,-0.0018265624501515392
SYDNEY - RYDE,17,-0.0034970090923592285
SYDNEY - RYDE,18,0.004569068431966821
SYDNEY - RYDE,19,0.0016488945605359704
SYDNEY - RYDE,20,-0.00197989950550327
SYDNEY - SOUTH WEST,0,0.9496284332107844
SYDNEY - SOUTH WEST,1,-0.2819608296568628
SYDNEY - SOUTH WEST,2,-0.011329208946078433
SYDNEY - SOUTH WEST,3,-0.07351133210784314
SYDNEY - SOUTH WEST,4,0.024342999999999997
SYDNEY - SOUTH WEST,5,0.051308049632352935
SYDNEY - SOUTH WEST,6,-0.012376121323529412
SYDNEY - SOUTH WEST,7,0.0029118658088235294
SYDNEY - SOUTH WEST,8,-0.01518630208333333
SYDNEY - SOUTH WEST,9,-0.0021351145833333335
SYDNEY - SOUTH WEST,10,0.00854308455882353
SYDNEY - SOUTH WEST,11,-0.00435515992647059
SYDNEY - SOUTH WEST,12,-0.0007857585784313724
SYDNEY - SOUTH WEST,13,0.0039807064950980395
SYDNEY - SOUTH WEST,14,0.005675268382352942
SYDNEY - SOUTH WEST,15,-0.0055263063725490185
SYDNEY - SOUTH WEST,16,0.004353735906862745
SYDNEY - SOUTH WEST,17,0.0023217493872549023
SYDNEY - SOUTH WEST,18,0.004890560661764707
SYDNEY - SOUTH WEST,19,9.004473039215687e-05
SYDNEY - SOUTH WEST,20,-0.003497033088235294
SYDNEY - SUTHERLAND,0,0.9526087789748612
SYDNEY - SUTHERLAND,1,-0.2888801577973664
SYDNEY - SUTHERLAND,2,-0.013918646207421918
SYDNEY - SUTHERLAND,3,0.013176924583741428
SYDNEY - SUTHERLAND,4,0.04252614212645554
SYDNEY - SUTHERLAND,5,0.03995979214277941
SYDNEY - SUTHERLAND,6,0.010275806943084123
SYDNEY - SUTHERLAND,7,-0.004711914245293286
SYDNEY - SUTHERLAND,8,0.002493254978778975
SYDNEY - SUTHERLAND,9,0.04219215583850257
SYDNEY - SUTHERLAND,10,0.00199839590815105
SYDNEY - SUTHERLAND,11,-0.018614459680052237
SYDNEY - SUTHERLAND,12,0.00456239634345413
SYDNEY - SUTHERLAND,13,0.0024266340189356837
SYDNEY - SUTHERLAND,14,0.010812598759386225
SYDNEY - SUTHERLAND,15,-0.0006234182174338883
SYDNEY - SUTHERLAND,16,-0.005233418217433889
SYDNEY - SUTHERLAND,17,-2.9105452171074157e-05
SYDNEY - SUTHERLAND,18,0.0015150788986832084
SYDNEY - SUTHERLAND,19,0.002385028838829035
SYDNEY - SUTHERLAND,20,0.00861839373163565
TOOWOOMBA,0,0.9883896083277879
TOOWOOMBA,1,0.09469331210191083
TOOWOOMBA,2,0.020034079285103146
TOOWOOMBA,3,0.01887953037360966
TOOWOOMBA,4,0.04478739138701397
TOOWOOMBA,5,0.05398574864530849
TOOWOOMBA,6,-0.04889913584941535
TOOWOOMBA,7,-0.027033737047247836
TOOWOOMBA,8,-0.018131467820134993
TOOWOOMBA,9,-0.007634367335298033
TOOWOOMBA,10,0.012226190702538262
TOOWOOMBA,11,0.002696396995912159
TOOWOOMBA,12,-0.00031034318851601864
TOOWOOMBA,13,0.0006246639414393003
TOOWOOMBA,14,-0.00889805780017112
TOOWOOMBA,15,0.01028720695883639
TOOWOOMBA,16,-0.003796107044395856
TOOWOOMBA,17,0.006206670786196407
TOOWOOMBA,18,-0.0042033634375891245
TOOWOOMBA,19,-6.482745508128148e-05
TOOWOOMBA,20,0.00660965776214469
TOWNSVILLE,0,0.8876034606004539
TOWNSVILLE,1,0.43589597006139097
TOWNSVILLE,2,-0.007171179042973679
TOWNSVILLE,3,0.0034711176520057195
TOWNSVILLE,4,0.03695984526112186
TOWNSVILLE,5,-0.02001339416365318
TOWNSVILLE,6,-0.01368875115633672
TOWNSVILLE,7,-0.002311888823479943
TOWNSVILLE,8,-0.009790600454124967
TOWNSVILLE,9,0.003994028256664704
TOWNSVILLE,10,0.022989180052140273
TOWNSVILLE,11,-0.003880184172903877
TOWNSVILLE,12,-0.020111326213102344
TOWNSVILLE,13,-0.011837242452274832
TOWNSVILLE,14,0.008426287948868894
TOWNSVILLE,15,0.004555514254478177
TOWNSVILLE,16,-0.01435893953410142
TOWNSVILLE,17,0.0005140400302749978
TOWNSVILLE,18,-0.004569585400723235
TOWNSVILLE,19,0.0007390791354806153
TOWNSVILLE,20,-0.0023505256076023886
WARRNAMBOOL AND SOUTH WEST,0,0.9864606586067934
WARRNAMBOOL AND SOUTH WEST,1,0.0481308670120898
WARRNAMBOOL AND SOUTH WEST,2,0.09601998848589521
WARRNAMBOOL AND SOUTH WEST,3,-0.006398412204951063
WARRNAMBOOL AND SOUTH WEST,4,-0.05972547150259067
WARRNAMBOOL AND SOUTH WEST,5,0.036872688543465745
WARRNAMBOOL AND SOUTH WEST,6,0.023193218192285547
WARRNAMBOOL AND SOUTH WEST,7,0.01617451007484168
WARRNAMBOOL AND SOUTH WEST,8,0.004494335060449049
WARRNAMBOOL AND SOUTH WEST,9,-0.0019638779504893497
WARRNAMBOOL AND SOUTH WEST,10,0.01654604375359816
WARRNAMBOOL AND SOUTH WEST,11,0.011781556706966033
WARRNAMBOOL AND SOUTH WEST,12,-0.0024795302245250433
WARRNAMBOOL AND SOUTH WEST,13,-0.0031794507772020726
WARRNAMBOOL AND SOUTH WEST,14,-0.002532861255037421
WARRNAMBOOL AND SOUTH WEST,15,-0.010607876799078873
WARRNAMBOOL AND SOUTH WEST,16,-0.0029402890040299366
WARRNAMBOOL AND SOUTH WEST,17,0.008791195164075994
WARRNAMBOOL AND SOUTH WEST,18,-9.315486470926884e-05
WARRNAMBOOL AND SOUTH WEST,19,0.0020687852619458835
WARRNAMBOOL AND SOUTH WEST,20,-0.00867397812320092
WEST AND NORTH WEST,0,0.9763834126893722
WEST AND NORTH WEST,1,0.12557201731404485
WEST AND NORTH WEST,2,0.12062600751794053
WEST AND NORTH WEST,3,0.09059079280100238
WEST AND NORTH WEST,4,-0.014393076660211869
WEST AND NORTH WEST,5,0.0016004875270531939
WEST AND NORTH WEST,6,-0.029196695523408128
WEST AND NORTH WEST,7,-0.00599590727873334
WEST AND NORTH WEST,8,-0.0031809260735846914
WEST AND NORTH WEST,9,0.01176716140790523
WEST AND NORTH WEST,10,0.020878407563503815
WEST AND NORTH WEST,11,-0.00900800091126552
WEST AND NORTH WEST,12,0.0009221596992823788
WEST AND NORTH WEST,13,0.009784429889509056
WEST AND NORTH WEST,14,-0.006618909898621711
WEST AND NORTH WEST,15,-0.006762969586513269
WEST AND NORTH WEST,16,0.007478327827770818
WEST AND NORTH WEST,17,-0.00852308121653947
WEST AND NORTH WEST,18,-0.005041241599270987
WEST AND NORTH WEST,19,0.0038825891331586747
WEST AND NORTH WEST,20,-0.004807523635949424
WESTERN AUSTRALIA - OUTBACK (NORTH),0,0.688616974789916
WESTERN AUSTRALIA - OUTBACK (NORTH),1,0.6530798591201187
WESTERN AUSTRALIA - OUTBACK (NORTH),2,-0.08571862333168563
WESTERN AUSTRALIA - OUTBACK (NORTH),3,0.005651290163124072
WESTERN AUSTRALIA - OUTBACK (NORTH),4,-0.15890689817103315
WESTERN AUSTRALIA - OUTBACK (NORTH),5,0.029431223430548686
WESTERN AUSTRALIA - OUTBACK (NORTH),6,0.1171132674246169
WESTERN AUSTRALIA - OUTBACK (NORTH),7,0.00036420168067227135
WESTERN AUSTRALIA - OUTBACK (NORTH),8,0.05288913741967375
WESTERN AUSTRALIA - OUTBACK (NORTH),9,0.015682867029164604
WESTERN AUSTRALIA - OUTBACK (NORTH),10,0.014566482946119624
WESTERN AUSTRALIA - OUTBACK (NORTH),11,0.00013849975284231251
WESTERN AUSTRALIA - OUTBACK (NORTH),12,-0.014851826495304006
WESTERN AUSTRALIA - OUTBACK (NORTH),13,0.015835153237765694
WESTERN AUSTRALIA - OUTBACK (NORTH),14,0.008677614928324274
WESTERN AUSTRALIA - OUTBACK (NORTH),15,0.018891626297577856
WESTERN AUSTRALIA - OUTBACK (NORTH),16,-0.004899441423628274
WESTERN AUSTRALIA - OUTBACK (NORTH),17,-0.0031986431043005436
WESTERN AUSTRALIA - OUTBACK (NORTH),18,0.00410983687592684
WESTERN AUSTRALIA - OUTBACK (NORTH),19,-0.011491655956500247
WESTERN AUSTRALIA - OUTBACK (NORTH),20,0.007541020761245675
WESTERN AUSTRALIA - OUTBACK (SOUTH),0,0.8228793859121012
WESTERN AUSTRALIA - OUTBACK (SOUTH),1,0.510563940397351
WESTERN AUSTRALIA - OUTBACK (SOUTH),2,-0.09753551173991573
WESTERN AUSTRALIA - OUTBACK (SOUTH),3,0.07781564870559905
WESTERN AUSTRALIA - OUTBACK (SOUTH),4,0.051526518663455756
WESTERN AUSTRALIA - OUTBACK (SOUTH),5,0.008442998193859122
WESTERN AUSTRALIA - OUTBACK (SOUTH),6,0.07137168422636966
WESTERN AUSTRALIA - OUTBACK (SOUTH),7,-0.016427691149909694
WESTERN AUSTRALIA - OUTBACK (SOUTH),8,0.024230144491270325
WESTERN AUSTRALIA - OUTBACK (SOUTH),9,0.016104369355809757
WESTERN AUSTRALIA - OUTBACK (SOUTH),10,-0.017709902167369056
WESTERN AUSTRALIA - OUTBACK (SOUTH),11,-0.007537813064419027
WESTERN AUSTRALIA - OUTBACK (SOUTH),12,0.0036433518964479237
WESTERN AUSTRALIA - OUTBACK (SOUTH),13,-0.014650388320288983
WESTERN AUSTRALIA - OUTBACK (SOUTH),14,0.005379479229379891
WESTERN AUSTRALIA - OUTBACK (SOUTH),15,-0.0081941059602649
WESTERN AUSTRALIA - OUTBACK (SOUTH),16,-0.019212989163154726
WESTERN AUSTRALIA - OUTBACK (SOUTH),17,-3.566526189042736e-05
WESTERN AUSTRALIA - OUTBACK (SOUTH),18,-0.004389307645996388
WESTERN AUSTRALIA - OUTBACK (SOUTH),19,0.0047884768211920534
WESTERN AUSTRALIA - OUTBACK (SOUTH),20,-0.003475714930764601
WESTERN AUSTRALIA - WHEAT BELT,0,0.8931232669943653
WESTERN AUSTRALIA - WHEAT BELT,1,0.3995935691164129
WESTERN AUSTRALIA - WHEAT BELT,2,-0.053166048435439386
WESTERN AUSTRALIA - WHEAT BELT,3,0.028219061263637456
WESTERN AUSTRALIA - WHEAT BELT,4,0.09284098669224317
WESTERN AUSTRALIA - WHEAT BELT,5,-0.047236873276585545
WESTERN AUSTRALIA - WHEAT BELT,6,0.0632618295168445
WESTERN AUSTRALIA - WHEAT BELT,7,0.03967729289054071
WESTERN AUSTRALIA - WHEAT BELT,8,-0.005544274067857571
WESTERN AUSTRALIA - WHEAT BELT,9,0.007611612516484834
WESTERN AUSTRALIA - WHEAT BELT,10,-0.012596480038364704
WESTERN AUSTRALIA - WHEAT BELT,11,-0.002720745713943172
WESTERN AUSTRALIA - WHEAT BELT,12,0.0121384797985853
WESTERN AUSTRALIA - WHEAT BELT,13,-0.0002719230308116528
WESTERN AUSTRALIA - WHEAT BELT,14,0.006630882388202855
WESTERN AUSTRALIA - WHEAT BELT,15,-0.014444871118570915
WESTERN AUSTRALIA - WHEAT BELT,16,0.002118097350437597
WESTERN AUSTRALIA - WHEAT BELT,17,0.005955736722215561
WESTERN AUSTRALIA - WHEAT BELT,18,0.0010369631938616471
WESTERN AUSTRALIA - WHEAT BELT,19,-0.007524634935859011
WESTERN AUSTRALIA - WHEAT BELT,20,0.01124370579067258
WIDE BAY,0,0.9515247233311437
WIDE BAY,1,0.22239806104401436
WIDE BAY,2,0.17696197432917282
WIDE BAY,3,-0.0059878568901915175
WIDE BAY,4,0.025957882156753754
WIDE BAY,5,0.008125802213350854
WIDE BAY,6,-0.02763299914093688
WIDE BAY,7,-0.03509493759159128
WIDE BAY,8,-0.004551216332305827
WIDE BAY,9,-0.000970986911920764
WIDE BAY,10,0.003929845873970389
WIDE BAY,11,-0.005735794128050937
WIDE BAY,12,-0.006190627621405833
WIDE BAY,13,0.003483441811107181
WIDE BAY,14,-0.00031328920107130226
WIDE BAY,15,0.00512822780332508
WIDE BAY,16,-0.0020252989034311984
WIDE BAY,17,-0.004884124513618676
WIDE BAY,18,0.004067004901713073
WIDE BAY,19,-0.006057083733387236
WIDE BAY,20,-0.004522790944464097
