time,mortgage_rate,cash_rate,bond_yield_10y,housing_credit_growth,housing_lending_rate,unemployment_rate,trimmed_mean_inflation,household_disposable_income,net_overseas_migration,building_approvals,dwelling_commencements,cpi_rents
1959-02-01,5.000000,,,,,,,,,,,
1959-03-01,5.000000,,,,,,,,,,,
1959-04-01,5.000000,,,,,,,,,,,
1959-05-01,5.000000,,,,,,,,,,,
1959-06-01,5.000000,,,,,,,,,,,
1959-07-01,5.000000,,,,,,,,,,,
1959-08-01,5.000000,,,,,,,,,,,
1959-09-01,5.000000,,,,,,,3104.000000,,,,
1959-10-01,5.000000,,,,,,,3104.000000,,,,
1959-11-01,5.000000,,,,,,,3104.000000,,,,
1959-12-01,5.000000,,,,,,,3133.000000,,,,
1960-01-01,5.000000,,,,,,,3133.000000,,,,
1960-02-01,5.000000,,,,,,,3133.000000,,,,
1960-03-01,5.000000,,,,,,,3171.000000,,,,
1960-04-01,5.000000,,,,,,,3171.000000,,,,
1960-05-01,5.000000,,,,,,,3171.000000,,,,
1960-06-01,5.000000,,,,,,,3302.000000,,,,
1960-07-01,5.000000,,,,,,,3302.000000,,,,
1960-08-01,5.000000,,,,,,,3302.000000,,,,
1960-09-01,5.000000,,,,,,,3279.000000,,,,
1960-10-01,5.000000,,,,,,,3279.000000,,,,
1960-11-01,5.000000,,,,,,,3279.000000,,,,
1960-12-01,5.000000,,,,,,,3346.000000,,,,
1961-01-01,5.500000,,,,,,,3346.000000,,,,
1961-02-01,5.500000,,,,,,,3346.000000,,,,
1961-03-01,5.500000,,,,,,,3403.000000,,,,
1961-04-01,5.500000,,,,,,,3403.000000,,,,
1961-05-01,5.500000,,,,,,,3403.000000,,,,
1961-06-01,5.500000,,,,,,,3370.000000,,,,
1961-07-01,5.500000,,,,,,,3370.000000,,,,
1961-08-01,5.500000,,,,,,,3370.000000,,,,
1961-09-01,5.500000,,,,,,,3358.000000,,,,
1961-10-01,5.500000,,,,,,,3358.000000,,,,
1961-11-01,5.500000,,,,,,,3358.000000,,,,
1961-12-01,5.500000,,,,,,,3367.000000,,,,
1962-01-01,5.500000,,,,,,,3367.000000,,,,
1962-02-01,5.500000,,,,,,,3367.000000,,,,
1962-03-01,5.500000,,,,,,,3440.000000,,,,
1962-04-01,5.500000,,,,,,,3440.000000,,,,
1962-05-01,5.500000,,,,,,,3440.000000,,,,
1962-06-01,5.500000,,,,,,,3556.000000,,,,
1962-07-01,5.500000,,,,,,,3556.000000,,,,
1962-08-01,5.500000,,,,,,,3556.000000,,,,
1962-09-01,5.500000,,,,,,,3575.000000,,,,
1962-10-01,5.500000,,,,,,,3575.000000,,,,
1962-11-01,5.500000,,,,,,,3575.000000,,,,
1962-12-01,5.500000,,,,,,,3631.000000,,,,
1963-01-01,5.500000,,,,,,,3631.000000,,,,
1963-02-01,5.500000,,,,,,,3631.000000,,,,
1963-03-01,5.500000,,,,,,,3685.000000,,,,
1963-04-01,5.000000,,,,,,,3685.000000,,,,
1963-05-01,5.000000,,,,,,,3685.000000,,,,
1963-06-01,5.000000,,,,,,,3747.000000,,,,
1963-07-01,5.000000,,,,,,,3747.000000,,,,
1963-08-01,5.000000,,,,,,,3747.000000,,,,
1963-09-01,5.000000,,,,,,,3944.000000,,,,
1963-10-01,5.000000,,,,,,,3944.000000,,,,
1963-11-01,5.000000,,,,,,,3944.000000,,,,
1963-12-01,5.000000,,,,,,,4017.000000,,,,
1964-01-01,5.000000,,,,,,,4017.000000,,,,
1964-02-01,5.000000,,,,,,,4017.000000,,,,
1964-03-01,5.000000,,,,,,,4034.000000,,,,
1964-04-01,5.000000,,,,,,,4034.000000,,,,
1964-05-01,5.000000,,,,,,,4034.000000,,,,
1964-06-01,5.130000,,,,,,,4122.000000,,,,
1964-07-01,5.130000,,,,,,,4122.000000,,,,
1964-08-01,5.130000,,,,,,,4122.000000,,,,
1964-09-01,5.130000,,,,,,,4204.000000,,,,
1964-10-01,5.130000,,,,,,,4204.000000,,,,
1964-11-01,5.130000,,,,,,,4204.000000,,,,
1964-12-01,5.130000,,,,,,,4292.000000,,,,
1965-01-01,5.130000,,,,,,,4292.000000,,,,
1965-02-01,5.130000,,,,,,,4292.000000,,,,
1965-03-01,5.130000,,,,,,,4377.000000,,,,
1965-04-01,5.380000,,,,,,,4377.000000,,,,
1965-05-01,5.380000,,,,,,,4377.000000,,,,
1965-06-01,5.380000,,,,,,,4390.000000,,,,
1965-07-01,5.380000,,,,,,,4390.000000,,,,
1965-08-01,5.380000,,,,,,,4390.000000,,,,
1965-09-01,5.380000,,,,,,,4428.000000,,,,
1965-10-01,5.380000,,,,,,,4428.000000,,,,
1965-11-01,5.380000,,,,,,,4428.000000,,,,
1965-12-01,5.380000,,,,,,,4445.000000,,,,
1966-01-01,5.380000,,,,,,,4445.000000,,,,
1966-02-01,5.380000,,,,,,,4445.000000,,,,
1966-03-01,5.380000,,,,,,,4560.000000,,,,
1966-04-01,5.380000,,,,,,,4560.000000,,,,
1966-05-01,5.380000,,,,,,,4560.000000,,,,
1966-06-01,5.380000,,,,,,,4657.000000,,,,
1966-07-01,5.380000,,,,,,,4657.000000,,,,
1966-08-01,5.380000,,,,,,,4657.000000,,,,
1966-09-01,5.380000,,,,,,,4834.000000,,,,
1966-10-01,5.380000,,,,,,,4834.000000,,,,
1966-11-01,5.380000,,,,,,,4834.000000,,,,
1966-12-01,5.380000,,,,,,,4950.000000,,,,
1967-01-01,5.380000,,,,,,,4950.000000,,,,
1967-02-01,5.380000,,,,,,,4950.000000,,,,
1967-03-01,5.380000,,,,,,,5137.000000,,,,
1967-04-01,5.380000,,,,,,,5137.000000,,,,
1967-05-01,5.380000,,,,,,,5137.000000,,,,
1967-06-01,5.380000,,,,,,,5144.000000,,,,
1967-07-01,5.380000,,,,,,,5144.000000,,,,
1967-08-01,5.380000,,,,,,,5144.000000,,,,
1967-09-01,5.380000,,,,,,,5192.000000,,,,
1967-10-01,5.380000,,,,,,,5192.000000,,,,
1967-11-01,5.380000,,,,,,,5192.000000,,,,
1967-12-01,5.380000,,,,,,,5344.000000,,,,
1968-01-01,5.380000,,,,,,,5344.000000,,,,
1968-02-01,5.380000,,,,,,,5344.000000,,,,
1968-03-01,5.380000,,,,,,,5261.000000,,,,
1968-04-01,5.380000,,,,,,,5261.000000,,,,
1968-05-01,5.380000,,,,,,,5261.000000,,,,
1968-06-01,5.380000,,,,,,,5494.000000,,,,
1968-07-01,5.380000,,,,,,,5494.000000,,,,
1968-08-01,5.880000,,,,,,,5494.000000,,,,
1968-09-01,5.880000,,,,,,,5648.000000,,,,
1968-10-01,5.880000,,,,,,,5648.000000,,,,
1968-11-01,5.880000,,,,,,,5648.000000,,,,
1968-12-01,5.880000,,,,,,,5944.000000,,,,
1969-01-01,5.880000,,,,,,,5944.000000,,,,
1969-02-01,5.880000,,,,,,,5944.000000,,,,
1969-03-01,5.880000,,,,,,,5931.000000,,,,
1969-04-01,5.880000,,,,,,,5931.000000,,,,
1969-05-01,5.880000,,,,,,,5931.000000,,,,
1969-06-01,5.880000,,,,,,,6069.000000,,,,
1969-07-01,5.880000,,,,,,,6069.000000,,,,
1969-08-01,5.880000,,,,,,,6069.000000,,,,
1969-09-01,5.880000,,,,,,,6341.000000,,,,
1969-10-01,5.880000,,,,,,,6341.000000,,,,
1969-11-01,5.880000,,,,,,,6341.000000,,,,
1969-12-01,5.880000,,,,,,,6519.000000,,,,
1970-01-01,5.880000,,,,,,,6519.000000,,,,
1970-02-01,5.880000,,,,,,,6519.000000,,,,
1970-03-01,5.880000,,,,,,,6685.000000,,,,
1970-04-01,7.250000,,,,,,,6685.000000,,,,
1970-05-01,7.250000,,,,,,,6685.000000,,,,
1970-06-01,7.250000,,,,,,,6856.000000,,,,
1970-07-01,7.250000,,,,,,,6856.000000,,,,
1970-08-01,7.250000,,,,,,,6856.000000,,,,
1970-09-01,7.250000,,,,,,,6699.000000,,,,
1970-10-01,7.250000,,,,,,,6699.000000,,,,
1970-11-01,7.250000,,,,,,,6699.000000,,,,
1970-12-01,7.250000,,,,,,,7167.000000,,,,
1971-01-01,7.250000,,,,,,,7167.000000,,,,
1971-02-01,7.250000,,,,,,,7167.000000,,,,
1971-03-01,7.250000,,,,,,,7389.000000,,,,
1971-04-01,7.250000,,,,,,,7389.000000,,,,
1971-05-01,7.250000,,,,,,,7389.000000,,,,
1971-06-01,7.250000,,,,,,,7619.000000,,,,
1971-07-01,7.250000,,,,,,,7619.000000,,,,
1971-08-01,7.250000,,,,,,,7619.000000,,,,
1971-09-01,7.250000,,,,,,,7787.000000,,,,
1971-10-01,7.250000,,,,,,,7787.000000,,,,
1971-11-01,7.250000,,,,,,,7787.000000,,,,
1971-12-01,7.250000,,,,,,,7884.000000,,,,
1972-01-01,7.250000,,,,,,,7884.000000,,,,
1972-02-01,7.000000,,,,,,,7884.000000,,,,
1972-03-01,7.000000,,,,,,,7973.000000,,,,
1972-04-01,7.000000,,,,,,,7973.000000,,,,
1972-05-01,7.000000,,,,,,,7973.000000,,,,
1972-06-01,7.000000,,,,,,,8332.000000,,,,
1972-07-01,7.000000,,,,,,,8332.000000,,,,
1972-08-01,7.000000,,,,,,,8332.000000,,,,
1972-09-01,7.000000,,,,,,,8488.000000,,,,
1972-10-01,7.000000,,,,,,,8488.000000,,,,
1972-11-01,7.000000,,,,,,,8488.000000,,,,
1972-12-01,7.000000,,,,,,,8882.000000,,,,
1973-01-01,7.000000,,,,,,,8882.000000,,,,
1973-02-01,7.000000,,,,,,,8882.000000,,,,
1973-03-01,7.000000,,,,,,,9251.000000,,,,
1973-04-01,7.000000,,,,,,,9251.000000,,,,
1973-05-01,7.000000,,,,,,,9251.000000,,,,
1973-06-01,7.000000,,,,,,,9649.000000,,,,
1973-07-01,7.000000,,,,,,,9649.000000,,,,
1973-08-01,7.000000,,,,,,,9649.000000,,,,
1973-09-01,7.000000,,,,,,,10442.000000,,,,
1973-10-01,8.380000,,,,,,,10442.000000,,,,
1973-11-01,8.380000,,,,,,,10442.000000,,,,
1973-12-01,8.380000,,,,,,,10695.000000,,,,
1974-01-01,8.380000,,,,,,,10695.000000,,,,
1974-02-01,8.380000,,,,,,,10695.000000,,,,
1974-03-01,8.380000,,,,,,,11148.000000,,,,
1974-04-01,8.380000,,,,,,,11148.000000,,,,
1974-05-01,8.380000,,,,,,,11148.000000,,,,
1974-06-01,8.380000,,,,,,,11965.000000,,,,
1974-07-01,10.380000,,,,,,,11965.000000,,,,
1974-08-01,10.380000,,,,,,,11965.000000,,,,
1974-09-01,10.380000,,,,,,,12114.000000,,,,
1974-10-01,10.380000,,,,,,,12114.000000,,,,
1974-11-01,10.380000,,,,,,,12114.000000,,,,
1974-12-01,10.380000,,,,,,,12924.000000,,,,
1975-01-01,10.380000,,,,,,,12924.000000,,,,
1975-02-01,10.380000,,,,,,,12924.000000,,,,
1975-03-01,10.380000,,,,,,,13696.000000,,,,
1975-04-01,10.130000,,,,,,,13696.000000,,,,
1975-05-01,10.130000,,,,,,,13696.000000,,,,
1975-06-01,10.130000,,,,,,,13989.000000,,,,
1975-07-01,10.130000,,,,,,,13989.000000,,,,
1975-08-01,10.130000,,,,,,,13989.000000,,,,
1975-09-01,10.380000,,,,,,,14430.000000,,,,
1975-10-01,10.380000,,,,,,,14430.000000,,,,
1975-11-01,10.380000,,,,,,,14430.000000,,,,
1975-12-01,10.380000,,,,,,,14962.000000,,,,
1976-01-01,10.380000,,,,,,,14962.000000,,,,
1976-02-01,9.880000,,,,,,,14962.000000,,,,
1976-03-01,9.880000,,,,,,,15324.000000,,,,
1976-04-01,9.880000,,,,,,,15324.000000,,,,
1976-05-01,9.880000,,,,,,,15324.000000,,,,
1976-06-01,9.880000,,,,,,,15775.000000,,,,
1976-07-01,9.880000,,,,,,,15775.000000,,,,
1976-08-01,9.880000,,,,,,,15775.000000,,,,
1976-09-01,9.880000,,,,,,,16914.000000,,,,
1976-10-01,9.880000,,,,,,,16914.000000,,,,
1976-11-01,9.880000,,,,,,,16914.000000,,,,
1976-12-01,9.880000,,,,,,,17301.000000,,,,
1977-01-01,9.880000,,,,,,,17301.000000,,,,
1977-02-01,9.880000,,,,,,,17301.000000,,,,
1977-03-01,9.880000,,,,,,,17652.000000,,,,
1977-04-01,9.880000,,,,,,,17652.000000,,,,
1977-05-01,9.880000,,,,,,,17652.000000,,,,
1977-06-01,9.880000,,,,,,,18036.000000,,,,
1977-07-01,9.880000,,,,,,,18036.000000,,,,
1977-08-01,9.880000,,,,,,,18036.000000,,,,
1977-09-01,9.880000,,,,,,,18173.000000,,,,
1977-10-01,9.880000,,,,,,,18173.000000,,,,
1977-11-01,9.880000,,,,,,,18173.000000,,,,
1977-12-01,9.880000,,,,,,,18874.000000,,,,
1978-01-01,9.630000,,,,,,,18874.000000,,,,
1978-02-01,9.380000,,,,,6.644536,,18874.000000,,,,
1978-03-01,9.380000,,,,,6.302721,,19680.000000,,,,
1978-04-01,9.380000,,,,,6.267401,,19680.000000,,,,
1978-05-01,9.380000,,,,,6.209381,,19680.000000,,,,
1978-06-01,9.380000,,,,,6.303945,,19910.000000,,,,
1978-07-01,9.380000,,,,,6.221683,,19910.000000,,,,
1978-08-01,9.380000,,,,,6.490038,,19910.000000,,,,
1978-09-01,9.380000,,,,,6.254682,,20828.000000,,,,
1978-10-01,9.380000,,,,,6.163199,,20828.000000,,,,
1978-11-01,9.380000,,,,,6.331145,,20828.000000,,,,
1978-12-01,9.130000,,,,,6.405303,,21203.000000,,,,
1979-01-01,9.130000,,,,,6.370096,,21203.000000,,,,
1979-02-01,9.130000,,,,,6.257087,,21203.000000,,,,
1979-03-01,9.130000,,,,,6.303007,,22034.000000,,,,
1979-04-01,9.130000,,,,,6.498362,,22034.000000,,,,
1979-05-01,9.130000,,,,,6.203653,,22034.000000,,,,
1979-06-01,9.130000,,,,,6.251670,,22423.000000,,,,
1979-07-01,9.130000,,,,,6.271871,,22423.000000,,,,
1979-08-01,9.130000,,,,,6.117989,,22423.000000,,,,
1979-09-01,9.130000,,,,,6.232178,,22805.000000,,,,
1979-10-01,9.130000,,,,,6.383704,,22805.000000,,,,
1979-11-01,9.130000,,,,,6.044963,,22805.000000,,,,
1979-12-01,9.130000,,,,,6.120058,,23428.000000,,,,
1980-01-01,9.130000,,,,,6.145893,,23428.000000,,,,
1980-02-01,9.130000,,,,,5.998640,,23428.000000,,,,
1980-03-01,9.630000,,,,,5.936507,,24273.000000,,,,
1980-04-01,9.880000,,,,,6.114681,,24273.000000,,,,
1980-05-01,9.880000,,,,,6.245925,,24273.000000,,,,
1980-06-01,9.880000,,,,,6.323273,,25319.000000,,,,
1980-07-01,10.250000,,,,,6.074304,,25319.000000,,,,
1980-08-01,10.250000,,,,,6.176996,,25319.000000,,,,
1980-09-01,10.250000,,,,,6.140847,,25877.000000,,,,
1980-10-01,10.250000,,,,,6.055128,,25877.000000,,,,
1980-11-01,10.250000,,,,,5.850308,,25877.000000,,,,
1980-12-01,11.000000,,,,,6.051002,,26857.000000,,,,
1981-01-01,11.500000,,,,,5.916289,,26857.000000,,,,
1981-02-01,11.500000,,,,,5.616453,,26857.000000,,,,
1981-03-01,11.500000,,,,,5.745954,,27434.000000,,,,
1981-04-01,11.500000,,,,,5.554917,,27434.000000,,,,
1981-05-01,11.500000,,,,,5.588843,,27434.000000,,,,
1981-06-01,11.500000,,,,,5.374323,,28593.000000,25.600000,,,
1981-07-01,11.500000,,,,,5.824336,,28593.000000,25.600000,,,
1981-08-01,12.000000,,,,,5.846076,,28593.000000,25.600000,,,
1981-09-01,12.000000,,,,,5.811933,,29366.000000,34.100000,,,
1981-10-01,12.500000,,,,,5.872514,,29366.000000,34.100000,,,
1981-11-01,12.500000,,,,,5.995139,,29366.000000,34.100000,,,
1981-12-01,12.500000,,,,,6.026836,,30640.000000,34.500000,,,
1982-01-01,12.500000,,,,,5.982628,,30640.000000,34.500000,,,
1982-02-01,12.500000,,,,,6.308283,,30640.000000,34.500000,,,
1982-03-01,13.000000,,,,,6.322852,,31295.000000,31.400000,,,
1982-04-01,13.500000,,,,,6.333307,,31295.000000,31.400000,,,
1982-05-01,13.500000,,,,,6.592842,,31295.000000,31.400000,,,
1982-06-01,13.500000,,,,,6.766849,,32756.000000,28.100000,,,
1982-07-01,13.500000,,,,,6.879142,,32756.000000,28.100000,,,
1982-08-01,13.500000,,,,,7.011344,,32756.000000,28.100000,,,
1982-09-01,13.500000,,,,,7.429318,,33053.000000,26.900000,,,
1982-10-01,13.500000,,,,,8.295100,,33053.000000,26.900000,,,
1982-11-01,13.500000,,,,,8.679567,,33053.000000,26.900000,,,
1982-12-01,13.500000,,,,,9.401721,,34024.000000,16.300000,,,
1983-01-01,13.500000,,,,,9.300388,,34024.000000,16.300000,,,
1983-02-01,12.500000,,,,,9.658421,,34024.000000,16.300000,,,
1983-03-01,12.500000,,,,,9.951412,10.700000,34932.000000,19.200000,,,
1983-04-01,12.500000,,,,,10.152121,10.700000,34932.000000,19.200000,,,
1983-05-01,12.500000,,,,,10.323221,10.700000,34932.000000,19.200000,,,
1983-06-01,12.500000,,,,,10.203938,10.000000,34523.000000,10.900000,,,
1983-07-01,12.500000,,,,,10.524062,10.000000,34523.000000,10.900000,10806.000000,,
1983-08-01,12.500000,,,,,10.218728,10.000000,34523.000000,10.900000,11572.000000,,
1983-09-01,12.000000,,,,,10.337834,8.500000,37326.000000,13.600000,12003.000000,,
1983-10-01,12.000000,,,,,10.008283,8.500000,37326.000000,13.600000,12576.000000,,
1983-11-01,12.000000,,,,,9.654477,8.500000,37326.000000,13.600000,11916.000000,,
1983-12-01,12.000000,,,,,9.457099,7.900000,37473.000000,11.300000,13038.000000,,
1984-01-01,11.500000,,,,,9.498925,7.900000,37473.000000,11.300000,12256.000000,,
1984-02-01,11.500000,,,,,9.385462,7.900000,37473.000000,11.300000,13372.000000,,
1984-03-01,11.500000,,,,,9.208194,7.000000,38402.000000,11.000000,13708.000000,,
1984-04-01,11.500000,,,,,9.370093,7.000000,38402.000000,11.000000,13610.000000,,
1984-05-01,11.500000,,,,,8.936587,7.000000,38402.000000,11.000000,14183.000000,,
1984-06-01,11.500000,,,,,9.096217,6.600000,39281.000000,13.200000,13174.000000,,
1984-07-01,11.500000,,,,,8.920889,6.600000,39281.000000,13.200000,13594.000000,,
1984-08-01,11.500000,,,,,8.828126,6.600000,39281.000000,13.200000,13969.000000,,
1984-09-01,11.500000,,,,,8.734713,6.200000,39381.000000,18.500000,12816.000000,38986.000000,
1984-10-01,11.500000,,,,,8.695712,6.200000,39381.000000,18.500000,13202.000000,38986.000000,
1984-11-01,11.500000,,,,,8.679465,6.200000,39381.000000,18.500000,13584.000000,38986.000000,
1984-12-01,11.500000,,,,,8.519349,5.500000,40437.000000,17.200000,13340.000000,38581.000000,
1985-01-01,11.500000,,,,,8.549710,5.500000,40437.000000,17.200000,13297.000000,38581.000000,
1985-02-01,11.500000,,,,,8.389034,5.500000,40437.000000,17.200000,13317.000000,38581.000000,
1985-03-01,11.500000,,,,,8.665386,5.800000,41479.000000,21.900000,13757.000000,36859.000000,
1985-04-01,12.000000,,,,,8.401517,5.800000,41479.000000,21.900000,14654.000000,36859.000000,
1985-05-01,12.000000,,,,,8.375883,5.800000,41479.000000,21.900000,13262.000000,36859.000000,
1985-06-01,12.130000,,,,,8.571418,6.500000,42008.000000,16.200000,13647.000000,39343.000000,
1985-07-01,12.500000,,,,,8.309849,6.500000,42008.000000,16.200000,13049.000000,39343.000000,
1985-08-01,12.500000,,,,,8.155122,6.500000,42008.000000,16.200000,13702.000000,39343.000000,
1985-09-01,12.880000,,,,,8.057258,7.500000,42869.000000,23.600000,12865.000000,38106.000000,
1985-10-01,13.500000,,,,,7.848908,7.500000,42869.000000,23.600000,13824.000000,38106.000000,
1985-11-01,13.500000,,,,,7.950518,7.500000,42869.000000,23.600000,12138.000000,38106.000000,
1985-12-01,13.500000,,,,,7.784821,8.200000,44458.000000,27.700000,11582.000000,35462.000000,
1986-01-01,13.500000,,,,,7.804614,8.200000,44458.000000,27.700000,11852.000000,35462.000000,
1986-02-01,13.500000,,,,,8.002225,8.200000,44458.000000,27.700000,10902.000000,35462.000000,
1986-03-01,13.500000,,,,,7.926581,8.800000,45453.000000,25.800000,10487.000000,33272.000000,
1986-04-01,15.500000,,,,,7.900495,8.800000,45453.000000,25.800000,10175.000000,33272.000000,
1986-05-01,15.500000,,,,,7.846595,8.800000,45453.000000,25.800000,9862.000000,33272.000000,
1986-06-01,15.500000,,,,,7.652932,8.800000,46098.000000,23.400000,11132.000000,30092.000000,
1986-07-01,15.500000,,,,,8.105822,8.800000,46098.000000,23.400000,11153.000000,30092.000000,
1986-08-01,15.500000,,,,,8.238796,8.800000,46098.000000,23.400000,10082.000000,30092.000000,
1986-09-01,15.500000,,,,,8.337969,8.900000,46845.000000,29.600000,10040.000000,30119.000000,
1986-10-01,15.500000,,,,,8.310045,8.900000,46845.000000,29.600000,10159.000000,30119.000000,
1986-11-01,15.500000,,,,,8.319015,8.900000,46845.000000,29.600000,10213.000000,30119.000000,
1986-12-01,15.500000,,,,,8.363997,9.200000,48235.000000,32.000000,10402.000000,29551.000000,
1987-01-01,15.500000,,,,,8.186053,9.200000,48235.000000,32.000000,9770.000000,29551.000000,
1987-02-01,15.500000,,,,,8.209961,9.200000,48235.000000,32.000000,10021.000000,29551.000000,
1987-03-01,15.500000,,,,,8.434680,8.900000,48417.000000,35.100000,10009.000000,29535.000000,
1987-04-01,15.500000,,,,,8.300008,8.900000,48417.000000,35.100000,9657.000000,29535.000000,
1987-05-01,15.500000,,,,,8.201921,8.900000,48417.000000,35.100000,10241.000000,29535.000000,
1987-06-01,15.500000,,,,,8.007473,8.800000,50060.000000,29.100000,10349.000000,28123.000000,
1987-07-01,15.500000,,,,,8.072780,8.800000,50060.000000,29.100000,10642.000000,28123.000000,
1987-08-01,15.060000,,,,,8.104882,8.800000,50060.000000,29.100000,10844.000000,28123.000000,
1987-09-01,14.750000,,,,,7.755109,8.200000,51557.000000,37.400000,11095.000000,30088.000000,
1987-10-01,14.500000,,,,,8.085808,8.200000,51557.000000,37.400000,11832.000000,30088.000000,
1987-11-01,14.130000,,,,,7.930945,8.200000,51557.000000,37.400000,12364.000000,30088.000000,
1987-12-01,14.000000,,,,,7.729121,7.500000,51534.000000,34.500000,12471.000000,32444.000000,
1988-01-01,14.000000,,,,,7.630761,7.500000,51534.000000,34.500000,13341.000000,32444.000000,
1988-02-01,13.500000,,,,,7.415834,7.500000,51534.000000,34.500000,13380.000000,32444.000000,
1988-03-01,13.500000,,,,,7.502889,7.200000,53690.000000,47.300000,13232.000000,36569.000000,
1988-04-01,13.500000,,,,,7.912648,7.200000,53690.000000,47.300000,14061.000000,36569.000000,
1988-05-01,13.500000,,,,,7.451251,7.200000,53690.000000,47.300000,14248.000000,36569.000000,
1988-06-01,13.750000,,,,,7.583604,7.200000,55299.000000,30.200000,15114.000000,38587.000000,
1988-07-01,14.500000,,,,,6.754784,7.200000,55299.000000,30.200000,15457.000000,38587.000000,
1988-08-01,14.500000,,,,,7.068104,7.200000,55299.000000,30.200000,16997.000000,38587.000000,
1988-09-01,14.500000,,,,,6.934274,7.300000,56018.000000,53.600000,16175.000000,43976.000000,
1988-10-01,14.500000,,,,,6.817775,7.300000,56018.000000,53.600000,15899.000000,43976.000000,
1988-11-01,14.750000,,,,,6.612414,7.300000,56018.000000,53.600000,16079.000000,43976.000000,
1988-12-01,14.980000,,,,,6.833474,7.100000,58839.000000,41.800000,15605.000000,44963.000000,
1989-01-01,14.980000,,,,,6.807570,7.100000,58839.000000,41.800000,15421.000000,44963.000000,
1989-02-01,15.500000,,,,,6.636743,7.100000,58839.000000,41.800000,15806.000000,44963.000000,
1989-03-01,16.000000,,,,,6.343306,6.700000,61083.000000,43.000000,15302.000000,44417.000000,
1989-04-01,16.000000,,,,,6.199988,6.700000,61083.000000,43.000000,15998.000000,44417.000000,
1989-05-01,16.000000,,,,,6.279585,6.700000,61083.000000,43.000000,15283.000000,44417.000000,
1989-06-01,17.000000,,,,,6.010559,6.300000,63020.000000,19.100000,14537.000000,43555.000000,
1989-07-01,17.000000,,,,,6.041515,6.300000,63020.000000,19.100000,12455.000000,43555.000000,
1989-08-01,17.000000,,,,,5.943597,6.300000,63020.000000,19.100000,12530.000000,43555.000000,
1989-09-01,17.000000,,,,,6.030875,6.200000,62779.000000,34.200000,12422.000000,37202.000000,
1989-10-01,17.000000,,,,,5.923999,6.200000,62779.000000,34.200000,12506.000000,37202.000000,
1989-11-01,17.000000,,,,,5.786412,6.200000,62779.000000,34.200000,12381.000000,37202.000000,
1989-12-01,17.000000,,,,,5.849016,6.200000,66680.000000,33.200000,11338.000000,34609.000000,
1990-01-01,17.000000,,,,,6.112930,6.200000,66680.000000,33.200000,11380.000000,34609.000000,
1990-02-01,17.000000,,,0.785858,,6.390813,6.200000,66680.000000,33.200000,12038.000000,34609.000000,
1990-03-01,17.000000,,,0.770539,,6.187536,6.700000,67847.000000,34.700000,11722.000000,34045.000000,
1990-04-01,16.690000,,,0.764647,,6.279161,6.700000,67847.000000,34.700000,11105.000000,34045.000000,
1990-05-01,16.440000,,,0.835785,,6.504305,6.700000,67847.000000,34.700000,11459.000000,34045.000000,
1990-06-01,16.440000,,,0.595461,,6.607284,6.800000,68283.000000,22.600000,11089.000000,33173.000000,
1990-07-01,16.440000,,,0.477416,,7.097683,6.800000,68283.000000,22.600000,10655.000000,33173.000000,
1990-08-01,16.380000,14.000000,,0.162823,,7.211177,6.800000,68283.000000,22.600000,10921.000000,33173.000000,
1990-09-01,16.190000,14.000000,,1.032985,,7.374289,6.500000,68532.000000,24.900000,10697.000000,30862.000000,
1990-10-01,16.000000,13.000000,,0.862989,,7.637250,6.500000,68532.000000,24.900000,10884.000000,30862.000000,
1990-11-01,15.500000,13.000000,,0.304538,,7.945832,6.500000,68532.000000,24.900000,11115.000000,30862.000000,
1990-12-01,15.130000,12.000000,,0.735900,,8.020728,6.600000,70537.000000,15.000000,9978.000000,31049.000000,
1991-01-01,14.500000,12.000000,,0.810896,,8.396329,6.600000,70537.000000,15.000000,10595.000000,31049.000000,
1991-02-01,14.500000,12.000000,,0.804374,,8.615929,6.600000,70537.000000,15.000000,10700.000000,31049.000000,
1991-03-01,14.500000,12.000000,,0.707567,,9.185241,5.700000,69035.000000,33.100000,10448.000000,30409.000000,
1991-04-01,14.380000,11.500000,,0.652110,,9.861074,5.700000,69035.000000,33.100000,10137.000000,30409.000000,
1991-05-01,13.880000,10.500000,,0.711977,,9.502744,5.700000,69035.000000,33.100000,11183.000000,30409.000000,
1991-06-01,13.190000,10.500000,,0.669590,,9.556990,5.000000,70009.000000,13.500000,10767.000000,30186.000000,
1991-07-01,13.000000,10.500000,,0.832795,,9.675548,5.000000,70009.000000,13.500000,11922.000000,30186.000000,
1991-08-01,13.000000,10.500000,,0.742780,,9.790639,5.000000,70009.000000,13.500000,11965.000000,30186.000000,
1991-09-01,13.000000,9.500000,,1.013285,,10.033032,4.800000,70704.000000,25.800000,12128.000000,32728.000000,
1991-10-01,12.500000,9.500000,,1.351333,,9.987658,4.800000,70704.000000,25.800000,12215.000000,32728.000000,
1991-11-01,12.500000,8.500000,,1.086210,,10.198226,4.800000,70704.000000,25.800000,11768.000000,32728.000000,
1991-12-01,12.000000,8.500000,,0.869304,,10.476177,3.700000,70715.000000,9.300000,12082.000000,34235.000000,
1992-01-01,11.750000,7.500000,,0.484688,,10.346576,3.700000,70715.000000,9.300000,12715.000000,34235.000000,
1992-02-01,11.000000,7.500000,,0.834440,,10.404336,3.700000,70715.000000,9.300000,12340.000000,34235.000000,
1992-03-01,11.000000,7.500000,,1.039855,,10.498348,3.300000,72273.000000,27.100000,12920.000000,36174.000000,
1992-04-01,11.000000,7.500000,,0.978518,,10.471426,3.300000,72273.000000,27.100000,13617.000000,36174.000000,
1992-05-01,11.000000,6.500000,,0.900088,,10.619569,3.300000,72273.000000,27.100000,13273.000000,36174.000000,
1992-06-01,10.380000,6.500000,,0.941755,,10.809119,2.800000,72519.000000,6.400000,13637.000000,38581.000000,
1992-07-01,10.300000,5.750000,,1.974251,,11.139853,2.800000,72519.000000,6.400000,13502.000000,38581.000000,
1992-08-01,9.980000,5.750000,,0.819553,,10.722419,2.800000,72519.000000,6.400000,13727.000000,38581.000000,
1992-09-01,9.920000,5.750000,,0.955357,,10.617219,2.200000,73859.000000,15.100000,13536.000000,39018.000000,
1992-10-01,9.920000,5.750000,,0.939201,,11.091653,2.200000,73859.000000,15.100000,14023.000000,39018.000000,
1992-11-01,9.920000,5.750000,,1.112560,,11.136924,2.200000,73859.000000,15.100000,14459.000000,39018.000000,
1992-12-01,9.920000,5.750000,,0.971348,,11.220286,2.000000,73876.000000,2.800000,15066.000000,40066.000000,
1993-01-01,9.920000,5.750000,,2.098916,,10.834041,2.000000,73876.000000,2.800000,15263.000000,40066.000000,
1993-02-01,9.920000,5.750000,,1.018867,,11.013825,2.000000,73876.000000,2.800000,14227.000000,40066.000000,
1993-03-01,9.920000,5.250000,,1.348879,,10.859209,2.200000,74493.000000,18.500000,14970.000000,41509.000000,
1993-04-01,9.720000,5.250000,,1.287993,,10.766422,2.200000,74493.000000,18.500000,15123.000000,41509.000000,
1993-05-01,9.500000,5.250000,,1.325957,,10.787288,2.200000,74493.000000,18.500000,14375.000000,41509.000000,
1993-06-01,9.500000,5.250000,,1.266773,,10.990896,2.200000,75666.000000,-6.300000,14515.000000,42479.000000,
1993-07-01,9.500000,4.750000,,1.195848,,10.947668,2.200000,75666.000000,-6.300000,15526.000000,42479.000000,
1993-08-01,9.500000,4.750000,,1.119961,,10.983355,2.200000,75666.000000,-6.300000,14913.000000,42479.000000,
1993-09-01,8.900000,4.750000,,1.505036,,10.742225,2.300000,75143.000000,17.800000,15056.000000,44442.000000,
1993-10-01,8.750000,4.750000,,1.382785,,10.957691,2.300000,75143.000000,17.800000,15291.000000,44442.000000,
1993-11-01,8.750000,4.750000,,1.264346,,10.949626,2.300000,75143.000000,17.800000,15441.000000,44442.000000,
1993-12-01,8.750000,4.750000,,1.800826,,10.759210,2.300000,76298.000000,4.900000,15353.000000,44126.000000,
1994-01-01,8.750000,4.750000,,1.796290,,10.569099,2.300000,76298.000000,4.900000,16232.000000,44126.000000,
1994-02-01,8.750000,4.750000,,1.589188,,10.398713,2.300000,76298.000000,4.900000,15433.000000,44126.000000,
1994-03-01,8.750000,4.750000,,1.812469,,10.354176,2.300000,78122.000000,19.500000,15555.000000,45549.000000,
1994-04-01,8.750000,4.750000,,1.757963,,10.063140,2.300000,78122.000000,19.500000,15696.000000,45549.000000,
1994-05-01,8.750000,4.750000,,1.714843,,9.767493,2.300000,78122.000000,19.500000,17747.000000,45549.000000,
1994-06-01,8.750000,4.750000,,1.676083,,9.818096,2.300000,80058.000000,4.400000,16521.000000,47538.000000,
1994-07-01,8.750000,4.750000,,1.463531,,9.633369,2.300000,80058.000000,4.400000,15445.000000,47538.000000,
1994-08-01,8.750000,5.500000,,1.541359,,9.444904,2.300000,80058.000000,4.400000,17819.000000,47538.000000,
1994-09-01,9.050000,5.500000,,1.244455,,9.354524,2.300000,79971.000000,27.800000,17306.000000,47961.000000,
1994-10-01,9.360000,6.500000,,1.224094,,9.092701,2.300000,79971.000000,27.800000,15874.000000,47961.000000,
1994-11-01,9.570000,6.500000,,1.280180,,9.143384,2.300000,79971.000000,27.800000,14775.000000,47961.000000,
1994-12-01,9.970000,7.500000,,1.089427,,8.936835,2.200000,81371.000000,3.900000,14364.000000,46100.000000,
1995-01-01,10.560000,7.500000,,1.064653,,8.857628,2.200000,81371.000000,3.900000,13544.000000,46100.000000,
1995-02-01,10.560000,7.500000,,1.051826,,8.823368,2.200000,81371.000000,3.900000,13354.000000,46100.000000,
1995-03-01,10.560000,7.500000,,1.098305,,8.617319,2.200000,82290.000000,24.700000,12657.000000,38957.000000,
1995-04-01,10.560000,7.500000,,0.697425,,8.267482,2.200000,82290.000000,24.700000,11925.000000,38957.000000,
1995-05-01,10.560000,7.500000,,0.813250,,8.474970,2.200000,82290.000000,24.700000,12387.000000,38957.000000,
1995-06-01,10.490000,7.500000,,0.658253,,8.352505,2.500000,82779.000000,23.800000,11649.000000,36398.000000,
1995-07-01,10.490000,7.500000,,0.722663,,8.428010,2.500000,82779.000000,23.800000,11377.000000,36398.000000,
1995-08-01,10.490000,7.500000,,0.673019,,8.320176,2.500000,82779.000000,23.800000,10789.000000,36398.000000,
1995-09-01,10.490000,7.500000,,0.815472,,8.363198,2.900000,84640.000000,29.100000,10924.000000,32831.000000,
1995-10-01,10.490000,7.500000,,1.292238,,8.575138,2.900000,84640.000000,29.100000,10050.000000,32831.000000,
1995-11-01,10.480000,7.500000,,0.972285,,8.452431,2.900000,84640.000000,29.100000,10159.000000,32831.000000,
1995-12-01,10.480000,7.500000,,0.954062,,8.145066,3.200000,85955.000000,29.200000,10197.000000,29983.000000,
1996-01-01,10.480000,7.500000,,0.947240,,8.455113,3.200000,85955.000000,29.200000,9489.000000,29983.000000,
1996-02-01,10.480000,7.500000,,0.886905,,8.327034,3.200000,85955.000000,29.200000,10543.000000,29983.000000,
1996-03-01,10.480000,7.500000,,0.676569,,8.421325,3.200000,87161.000000,25.100000,10271.000000,30988.000000,
1996-04-01,10.480000,7.500000,,0.729807,,8.578362,3.200000,87161.000000,25.100000,10347.000000,30988.000000,
1996-05-01,10.480000,7.500000,,0.757098,,8.414581,3.200000,87161.000000,25.100000,10801.000000,30988.000000,
1996-06-01,9.910000,7.500000,,0.684633,,8.254410,3.000000,88743.000000,20.600000,10111.000000,30794.000000,
1996-07-01,9.910000,7.000000,,0.987154,,8.568564,3.000000,88743.000000,20.600000,10983.000000,30794.000000,
1996-08-01,9.610000,7.000000,,0.806753,,8.722281,3.000000,88743.000000,20.600000,11086.000000,30794.000000,
1996-09-01,9.290000,7.000000,,0.842814,,8.576701,2.600000,89484.000000,32.300000,10058.000000,29119.000000,
1996-10-01,9.290000,7.000000,,0.716763,,8.759549,2.600000,89484.000000,32.300000,11329.000000,29119.000000,
1996-11-01,8.880000,6.500000,,0.622536,,8.471129,2.600000,89484.000000,32.300000,11046.000000,29119.000000,
1996-12-01,8.480000,6.000000,,0.705917,,8.630961,2.400000,91061.000000,19.400000,10747.000000,31464.000000,
1997-01-01,8.250000,6.000000,,0.633004,,8.566145,2.400000,91061.000000,19.400000,11459.000000,31464.000000,
1997-02-01,7.550000,6.000000,,0.711789,,8.702993,2.400000,91061.000000,19.400000,12219.000000,31464.000000,
1997-03-01,7.550000,6.000000,,0.552915,,8.592604,2.500000,92156.000000,29.400000,11972.000000,33765.000000,
1997-04-01,7.550000,6.000000,,0.731640,,8.568557,2.500000,92156.000000,29.400000,11936.000000,33765.000000,
1997-05-01,7.130000,5.500000,,0.695170,,8.547706,2.500000,92156.000000,29.400000,12522.000000,33765.000000,
1997-06-01,7.130000,5.500000,,0.773525,,8.331194,2.100000,93595.000000,6.100000,11707.000000,33987.000000,
1997-07-01,7.050000,5.000000,,0.782939,,8.589759,2.100000,93595.000000,6.100000,11451.000000,33987.000000,
1997-08-01,6.740000,5.000000,,0.682923,,8.465253,2.100000,93595.000000,6.100000,13570.000000,33987.000000,
1997-09-01,6.740000,5.000000,,0.634795,,8.068150,1.800000,94416.000000,22.900000,12593.000000,34096.000000,
1997-10-01,6.740000,5.000000,,0.677771,,8.033305,1.800000,94416.000000,22.900000,12078.000000,34096.000000,
1997-11-01,6.740000,5.000000,,0.475352,,7.987355,1.800000,94416.000000,22.900000,12951.000000,34096.000000,
1997-12-01,6.740000,5.000000,,0.540601,,7.910735,2.000000,95030.000000,14.000000,13059.000000,38049.000000,
1998-01-01,6.740000,5.000000,,0.499507,,7.865320,2.000000,95030.000000,14.000000,13124.000000,38049.000000,
1998-02-01,6.740000,5.000000,,0.655141,,7.772691,2.000000,95030.000000,14.000000,12744.000000,38049.000000,
1998-03-01,6.740000,5.000000,,0.840234,,7.883790,1.700000,94679.000000,33.700000,13371.000000,37572.000000,
1998-04-01,6.740000,5.000000,,1.142978,,7.604008,1.700000,94679.000000,33.700000,14349.000000,37572.000000,
1998-05-01,6.740000,5.000000,,0.890677,,7.765112,1.700000,94679.000000,33.700000,13218.000000,37572.000000,
1998-06-01,6.740000,5.000000,,0.846129,,7.832347,1.900000,95591.000000,8.500000,14130.000000,38324.000000,
1998-07-01,6.740000,5.000000,,0.481122,,7.974982,1.900000,95591.000000,8.500000,13853.000000,38324.000000,
1998-08-01,6.740000,5.000000,,0.644653,,7.755527,1.900000,95591.000000,8.500000,12654.000000,38324.000000,
1998-09-01,6.740000,5.000000,,0.476331,,7.634014,2.000000,97746.000000,26.500000,12513.000000,38193.000000,
1998-10-01,6.740000,5.000000,,0.598799,,7.313807,2.000000,97746.000000,26.500000,12355.000000,38193.000000,
1998-11-01,6.740000,5.000000,,0.821963,,7.626418,2.000000,97746.000000,26.500000,13201.000000,38193.000000,
1998-12-01,6.520000,4.750000,,0.776549,,7.183930,1.700000,96847.000000,20.100000,13064.000000,36635.000000,
1999-01-01,6.520000,4.750000,,0.745708,,7.119301,1.700000,96847.000000,20.100000,12396.000000,36635.000000,
1999-02-01,6.520000,4.750000,,0.697011,,7.115336,1.700000,96847.000000,20.100000,13364.000000,36635.000000,
1999-03-01,6.520000,4.750000,,0.885976,,7.012961,1.700000,98010.000000,35.100000,12895.000000,36785.000000,
1999-04-01,6.520000,4.750000,,0.861084,,6.979739,1.700000,98010.000000,35.100000,13378.000000,36785.000000,
1999-05-01,6.520000,4.750000,,0.591593,,7.025172,1.700000,98010.000000,35.100000,13209.000000,36785.000000,
1999-06-01,6.520000,4.750000,,0.606067,,6.653321,1.700000,102117.000000,14.800000,13895.000000,37869.000000,
1999-07-01,6.550000,4.750000,,0.971220,,6.675496,1.700000,102117.000000,14.800000,14787.000000,37869.000000,
1999-08-01,6.550000,4.750000,,0.964556,,6.905980,1.700000,102117.000000,14.800000,15240.000000,37869.000000,
1999-09-01,6.550000,4.750000,,1.145243,,7.041498,2.100000,102453.000000,29.700000,14770.000000,40823.000000,
1999-10-01,6.550000,4.750000,,0.980186,,6.776530,2.100000,102453.000000,29.700000,14963.000000,40823.000000,
1999-11-01,6.750000,5.000000,,0.654905,,6.440399,2.100000,102453.000000,29.700000,15484.000000,40823.000000,
1999-12-01,6.800000,5.000000,,1.700136,,6.684642,2.400000,104592.000000,24.600000,15810.000000,41716.000000,
2000-01-01,6.800000,5.000000,,1.405864,,6.768185,2.400000,104592.000000,24.600000,16588.000000,41716.000000,
2000-02-01,7.300000,5.500000,,1.355854,,6.619235,2.400000,104592.000000,24.600000,16398.000000,41716.000000,
2000-03-01,7.300000,5.500000,,1.232575,,6.565301,2.500000,106542.000000,37.400000,14510.000000,47259.000000,
2000-04-01,7.550000,5.750000,,0.885504,,6.376541,2.500000,106542.000000,37.400000,14142.000000,47259.000000,
2000-05-01,7.800000,6.000000,,0.851148,,6.414530,2.500000,106542.000000,37.400000,13097.000000,47259.000000,
2000-06-01,7.800000,6.000000,,1.094135,,6.115015,2.700000,105491.000000,15.500000,10958.000000,42722.000000,
2000-07-01,7.810000,6.000000,,4.397438,,5.954264,2.700000,105491.000000,15.500000,9457.000000,42722.000000,
2000-08-01,8.070000,6.250000,,0.821917,,6.051547,2.700000,105491.000000,15.500000,9172.000000,42722.000000,
2000-09-01,8.070000,6.250000,,0.515253,,5.963216,2.400000,114682.000000,31.900000,9264.000000,27937.000000,
2000-10-01,8.070000,6.250000,,0.871529,,6.009944,2.400000,114682.000000,31.900000,9369.000000,27937.000000,
2000-11-01,8.070000,6.250000,,1.051902,,6.262077,2.400000,114682.000000,31.900000,10509.000000,27937.000000,
2000-12-01,8.070000,6.250000,,0.764889,,6.244052,2.400000,112084.000000,26.600000,10063.000000,28133.000000,
2001-01-01,8.070000,6.250000,,0.564513,,6.140513,2.400000,112084.000000,26.600000,10102.000000,28133.000000,
2001-02-01,7.570000,5.750000,,1.097094,,6.501993,2.400000,112084.000000,26.600000,9285.000000,28133.000000,
2001-03-01,7.320000,5.500000,,1.201903,,6.458962,2.700000,114823.000000,54.800000,9562.000000,28598.000000,
2001-04-01,6.820000,5.000000,,1.061277,,6.782562,2.700000,114823.000000,54.800000,10438.000000,28598.000000,
2001-05-01,6.820000,5.000000,,1.557787,,6.893025,2.700000,114823.000000,54.800000,12110.000000,28598.000000,
2001-06-01,6.820000,5.000000,,1.205879,,6.932887,3.000000,117263.000000,22.400000,12341.000000,29878.000000,
2001-07-01,6.820000,5.000000,,1.144977,,6.880066,3.000000,117263.000000,22.400000,12979.000000,29878.000000,
2001-08-01,6.820000,5.000000,,1.444380,,6.881122,3.000000,117263.000000,22.400000,15015.000000,29878.000000,
2001-09-01,6.570000,4.750000,,1.265480,,6.841914,3.100000,119930.000000,27.700000,14861.000000,38421.000000,
2001-10-01,6.320000,4.500000,,2.007480,,7.193682,3.100000,119930.000000,27.700000,14791.000000,38421.000000,
2001-11-01,6.320000,4.500000,,1.676051,,6.883115,3.100000,119930.000000,27.700000,14488.000000,38421.000000,
2001-12-01,6.070000,4.250000,,1.667740,,6.861534,3.300000,124554.000000,31.200000,14283.000000,41479.000000,
2002-01-01,6.070000,4.250000,,1.932470,,6.913100,3.300000,124554.000000,31.200000,14233.000000,41479.000000,
2002-02-01,6.070000,4.250000,,1.390716,,6.536524,3.300000,124554.000000,31.200000,13766.000000,41479.000000,
2002-03-01,6.070000,4.250000,,1.229610,,6.430527,3.100000,124829.000000,36.400000,14696.000000,41960.000000,
2002-04-01,6.070000,4.250000,,0.748889,,6.345649,3.100000,124829.000000,36.400000,15772.000000,41960.000000,
2002-05-01,6.320000,4.500000,,0.738374,,6.372521,3.100000,124829.000000,36.400000,14714.000000,41960.000000,
2002-06-01,6.570000,4.750000,,1.103127,,6.495880,2.900000,120942.000000,15.300000,14564.000000,43764.000000,
2002-07-01,6.570000,4.750000,,1.430495,,6.179832,2.900000,120942.000000,15.300000,14038.000000,43764.000000,
2002-08-01,6.570000,4.750000,,1.104443,,6.349147,2.900000,120942.000000,15.300000,17637.000000,43764.000000,
2002-09-01,6.570000,4.750000,,1.422664,,6.312221,2.900000,123723.000000,29.900000,14022.000000,46236.000000,
2002-10-01,6.570000,4.750000,,1.049362,,6.128382,2.900000,123723.000000,29.900000,17906.000000,46236.000000,
2002-11-01,6.570000,4.750000,,0.906717,,6.162694,2.900000,123723.000000,29.900000,13955.000000,46236.000000,
2002-12-01,6.570000,4.750000,,1.107995,,6.182285,2.800000,124965.000000,28.900000,14038.000000,43418.000000,
2003-01-01,6.570000,4.750000,,1.143105,,6.080913,2.800000,124965.000000,28.900000,14733.000000,43418.000000,
2003-02-01,6.570000,4.750000,,1.190023,,5.955028,2.800000,124965.000000,28.900000,13859.000000,43418.000000,
2003-03-01,6.570000,4.750000,,1.274689,,6.131426,2.900000,127693.000000,41.600000,14745.000000,42691.000000,
2003-04-01,6.570000,4.750000,,2.265936,,6.029685,2.900000,127693.000000,41.600000,14850.000000,42691.000000,
2003-05-01,6.570000,4.750000,,1.086034,,6.069090,2.900000,127693.000000,41.600000,14458.000000,42691.000000,
2003-06-01,6.570000,4.750000,,1.614418,,6.054746,2.800000,129477.000000,16.100000,14708.000000,39841.000000,
2003-07-01,6.570000,4.750000,,1.227618,,6.128025,2.800000,129477.000000,16.100000,15175.000000,39841.000000,
2003-08-01,6.570000,4.750000,,1.210381,,5.817877,2.800000,129477.000000,16.100000,14970.000000,39841.000000,
2003-09-01,6.570000,4.750000,,1.415822,,5.775479,2.800000,131183.000000,27.200000,16429.000000,42490.000000,
2003-10-01,6.570000,4.750000,,1.124856,,5.783584,2.800000,131183.000000,27.200000,16727.000000,42490.000000,
2003-11-01,6.820000,5.000000,,1.516317,,5.661748,2.800000,131183.000000,27.200000,14878.000000,42490.000000,
2003-12-01,7.070000,5.250000,,1.432640,,5.681454,2.700000,134503.000000,25.200000,15057.000000,45379.000000,
2004-01-01,7.070000,5.250000,,1.289325,,5.530779,2.700000,134503.000000,25.200000,14961.000000,45379.000000,
2004-02-01,7.070000,5.250000,,1.295697,,5.643080,2.700000,134503.000000,25.200000,14830.000000,45379.000000,
2004-03-01,7.070000,5.250000,,2.301725,,5.437581,2.600000,137028.000000,35.500000,15439.000000,44803.000000,
2004-04-01,7.070000,5.250000,,1.221290,,5.507266,2.600000,137028.000000,35.500000,15331.000000,44803.000000,
2004-05-01,7.070000,5.250000,,1.098725,,5.336811,2.600000,137028.000000,35.500000,15342.000000,44803.000000,
2004-06-01,7.070000,5.250000,,0.751464,,5.463288,2.600000,142774.000000,12.100000,14700.000000,42646.000000,
2004-07-01,7.070000,5.250000,,1.232014,,5.550589,2.600000,142774.000000,12.100000,14203.000000,42646.000000,
2004-08-01,7.070000,5.250000,,1.258899,,5.517183,2.600000,142774.000000,12.100000,13871.000000,42646.000000,
2004-09-01,7.070000,5.250000,,1.006734,,5.370634,2.600000,141689.000000,30.400000,12929.000000,41175.000000,
2004-10-01,7.070000,5.250000,,1.386062,,5.122779,2.600000,141689.000000,30.400000,13127.000000,41175.000000,
2004-11-01,7.070000,5.250000,,1.407984,,5.161199,2.600000,141689.000000,30.400000,12898.000000,41175.000000,
2004-12-01,7.070000,5.250000,,1.350994,,5.068604,2.700000,145706.000000,28.500000,13722.000000,40237.000000,
2005-01-01,7.070000,5.250000,,2.609733,,5.074037,2.700000,145706.000000,28.500000,14073.000000,40237.000000,
2005-02-01,7.070000,5.250000,,0.089204,,5.084263,2.700000,145706.000000,28.500000,13515.000000,40237.000000,
2005-03-01,7.320000,5.500000,,0.362686,,5.162777,2.700000,147886.000000,47.100000,13215.000000,38261.000000,
2005-04-01,7.320000,5.500000,,1.163568,,5.122048,2.700000,147886.000000,47.100000,13361.000000,38261.000000,
2005-05-01,7.320000,5.500000,,1.037581,,5.099433,2.700000,147886.000000,47.100000,14988.000000,38261.000000,
2005-06-01,7.320000,5.500000,,1.103756,,4.950045,2.700000,151346.000000,17.800000,14435.000000,40576.000000,
2005-07-01,7.320000,5.500000,,0.722134,,4.972051,2.700000,151346.000000,17.800000,12908.000000,40576.000000,
2005-08-01,7.320000,5.500000,,1.031900,,4.901442,2.700000,151346.000000,17.800000,12235.000000,40576.000000,
2005-09-01,7.320000,5.500000,,0.943429,,5.002234,2.700000,152794.000000,37.400000,12253.000000,39800.000000,
2005-10-01,7.320000,5.500000,,1.282564,,5.015785,2.700000,152794.000000,37.400000,12353.000000,39800.000000,
2005-11-01,7.320000,5.500000,,1.219398,,4.938084,2.700000,152794.000000,37.400000,12642.000000,39800.000000,
2005-12-01,7.320000,5.500000,,1.325955,,5.069861,2.600000,153036.000000,34.700000,12668.000000,36049.000000,
2006-01-01,7.320000,5.500000,,1.109032,,5.163380,2.600000,153036.000000,34.700000,12797.000000,36049.000000,
2006-02-01,7.320000,5.500000,,1.219310,,5.103685,2.600000,153036.000000,34.700000,12781.000000,36049.000000,
2006-03-01,7.320000,5.500000,,1.113188,,4.867100,2.800000,156333.000000,53.200000,12981.000000,38587.000000,
2006-04-01,7.320000,5.500000,,1.140945,,4.965685,2.800000,156333.000000,53.200000,12588.000000,38587.000000,
2006-05-01,7.570000,5.750000,,1.207591,,4.798188,2.800000,156333.000000,53.200000,13399.000000,38587.000000,
2006-06-01,7.570000,5.750000,,1.301262,,4.808191,3.000000,157966.000000,21.400000,13421.000000,38389.000000,
2006-07-01,7.570000,5.750000,,1.474007,,4.656777,3.000000,157966.000000,21.400000,14095.000000,38389.000000,
2006-08-01,7.820000,6.000000,,1.306956,,4.712228,3.000000,157966.000000,21.400000,12770.000000,38389.000000,
2006-09-01,7.820000,6.000000,,1.927072,,4.666075,3.100000,164882.000000,56.900000,13083.000000,38582.000000,
2006-10-01,7.820000,6.000000,,1.122451,,4.463268,3.100000,164882.000000,56.900000,12400.000000,38582.000000,
2006-11-01,8.070000,6.250000,,1.000377,,4.515008,3.100000,164882.000000,56.900000,12681.000000,38582.000000,
2006-12-01,8.070000,6.250000,,0.811809,,4.568072,3.000000,168327.000000,50.600000,12625.000000,38756.000000,
2007-01-01,8.070000,6.250000,,0.965683,,4.555167,3.000000,168327.000000,50.600000,12600.000000,38756.000000,
2007-02-01,8.070000,6.250000,,0.989036,,4.634675,3.000000,168327.000000,50.600000,13812.000000,38756.000000,
2007-03-01,8.070000,6.250000,,0.981806,,4.459689,2.700000,171839.000000,76.000000,12396.000000,37783.000000,
2007-04-01,8.070000,6.250000,,0.982681,,4.386143,2.700000,171839.000000,76.000000,12938.000000,37783.000000,
2007-05-01,8.070000,6.250000,,1.063757,,4.264464,2.700000,171839.000000,76.000000,12636.000000,37783.000000,
2007-06-01,8.070000,6.250000,,1.004229,,4.324167,2.800000,177130.000000,49.200000,13368.000000,37654.000000,
2007-07-01,8.070000,6.250000,,0.871080,,4.253280,2.800000,177130.000000,49.200000,13365.000000,37654.000000,
2007-08-01,8.320000,6.500000,,0.942063,,4.299045,2.800000,177130.000000,49.200000,12926.000000,37654.000000,
2007-09-01,8.320000,6.500000,,0.772100,,4.213408,2.900000,179007.000000,62.800000,14171.000000,39027.000000,
2007-10-01,8.320000,6.500000,,0.918731,,4.326269,2.900000,179007.000000,62.800000,14139.000000,39027.000000,
2007-11-01,8.570000,6.750000,,1.121566,,4.426710,2.900000,179007.000000,62.800000,14648.000000,39027.000000,
2007-12-01,8.570000,6.750000,,0.987160,,4.308388,3.600000,183462.000000,56.000000,14332.000000,40252.000000,
2008-01-01,8.720000,6.750000,,0.912183,,4.220500,3.600000,183462.000000,56.000000,14205.000000,40252.000000,
2008-02-01,8.990000,7.000000,,0.698361,,3.979277,3.600000,183462.000000,56.000000,13783.000000,40252.000000,
2008-03-01,9.340000,7.250000,,0.778032,,4.057124,4.200000,188462.000000,93.500000,12563.000000,39833.000000,
2008-04-01,9.440000,7.250000,,0.859932,,4.265690,4.200000,188462.000000,93.500000,13546.000000,39833.000000,
2008-05-01,9.460000,7.250000,,0.573080,,4.266381,4.200000,188462.000000,93.500000,13103.000000,39833.000000,
2008-06-01,9.460000,7.250000,,0.893757,,4.243587,4.400000,191163.000000,65.100000,13548.000000,40586.000000,
2008-07-01,9.620000,7.250000,,0.700675,,4.250360,4.400000,191163.000000,65.100000,12992.000000,40586.000000,
2008-08-01,9.620000,7.250000,,0.447613,,4.015417,4.400000,191163.000000,65.100000,12463.000000,40586.000000,
2008-09-01,9.360000,7.000000,,1.005759,,4.289273,4.800000,193966.000000,84.100000,11778.000000,37070.000000,
2008-10-01,8.340000,6.000000,,0.331369,,4.290186,4.800000,193966.000000,84.100000,11414.000000,37070.000000,
2008-11-01,7.730000,5.250000,,-1.951246,,4.462757,4.800000,193966.000000,84.100000,10376.000000,37070.000000,
2008-12-01,6.840000,4.250000,,0.739945,,4.570027,4.300000,206410.000000,73.000000,10180.000000,31782.000000,
2009-01-01,6.840000,4.250000,,0.641420,,4.907761,4.300000,206410.000000,73.000000,9437.000000,31782.000000,
2009-02-01,5.840000,3.250000,,0.744449,,5.302935,4.300000,206410.000000,73.000000,10791.000000,31782.000000,
2009-03-01,5.840000,3.250000,,1.233999,,5.711314,4.100000,204169.000000,88.700000,10954.000000,31926.000000,
2009-04-01,5.760000,3.000000,,0.723358,,5.513393,4.100000,204169.000000,88.700000,11587.000000,31926.000000,
2009-05-01,5.760000,3.000000,,0.745902,,5.812060,4.100000,204169.000000,88.700000,10792.000000,31926.000000,
2009-06-01,5.780000,3.000000,,1.011535,,5.861593,3.600000,210782.000000,54.000000,11969.000000,31698.000000,
2009-07-01,5.780000,3.000000,,0.752089,,5.672798,3.600000,210782.000000,54.000000,12962.000000,31698.000000,
2009-08-01,5.780000,3.000000,,0.852426,,5.714925,3.600000,210782.000000,54.000000,12955.000000,31698.000000,
2009-09-01,5.780000,3.000000,,0.802806,,5.662035,3.100000,206635.000000,62.500000,14058.000000,35687.000000,
2009-10-01,6.030000,3.250000,,0.866634,,5.623679,3.100000,206635.000000,62.500000,13620.000000,35687.000000,
2009-11-01,6.280000,3.500000,,0.744952,,5.558430,3.100000,206635.000000,62.500000,15092.000000,35687.000000,
2009-12-01,6.640000,3.750000,,0.802104,,5.491100,3.200000,210485.000000,41.700000,15147.000000,41762.000000,
2010-01-01,6.640000,3.750000,,0.539050,,5.266395,3.200000,210485.000000,41.700000,15603.000000,41762.000000,
2010-02-01,6.640000,3.750000,,0.518031,,5.298715,3.200000,210485.000000,41.700000,15436.000000,41762.000000,
2010-03-01,6.890000,4.000000,,0.568257,,5.422564,3.100000,214342.000000,59.900000,17072.000000,47217.000000,
2010-04-01,7.140000,4.250000,,0.429874,,5.498975,3.100000,214342.000000,59.900000,15667.000000,47217.000000,
2010-05-01,7.390000,4.500000,,0.599674,,5.229621,3.100000,214342.000000,59.900000,14981.000000,47217.000000,
2010-06-01,7.390000,4.500000,,0.566162,,5.144172,2.800000,216245.000000,32.000000,14482.000000,47527.000000,
2010-07-01,7.390000,4.500000,,0.634104,,5.288185,2.800000,216245.000000,32.000000,15281.000000,47527.000000,
2010-08-01,7.390000,4.500000,,0.546600,,5.032331,2.800000,216245.000000,32.000000,15244.000000,47527.000000,
2010-09-01,7.390000,4.500000,,0.501320,,5.054454,2.600000,221023.000000,41.800000,13631.000000,41813.000000,
2010-10-01,7.390000,4.500000,,0.549595,,5.284712,2.600000,221023.000000,41.800000,15584.000000,41813.000000,
2010-11-01,7.790000,4.750000,,0.604432,,5.108962,2.600000,221023.000000,41.800000,14201.000000,41813.000000,
2010-12-01,7.790000,4.750000,,0.631020,,4.876784,2.200000,227103.000000,38.400000,14868.000000,39490.000000,
2011-01-01,7.790000,4.750000,,0.475260,,5.004257,2.200000,227103.000000,38.400000,13298.000000,39490.000000,
2011-02-01,7.790000,4.750000,,0.424761,,4.972612,2.200000,227103.000000,38.400000,12978.000000,39490.000000,
2011-03-01,7.790000,4.750000,,0.224471,,4.926336,2.200000,232098.000000,61.000000,13986.000000,42069.000000,
2011-04-01,7.790000,4.750000,,0.386157,,4.959703,2.200000,232098.000000,61.000000,13912.000000,42069.000000,
2011-05-01,7.790000,4.750000,,0.494595,,5.013176,2.200000,232098.000000,61.000000,12797.000000,42069.000000,
2011-06-01,7.790000,4.750000,,0.305823,,4.916666,2.700000,233854.000000,39.200000,12655.000000,39094.000000,
2011-07-01,7.790000,4.750000,,0.728033,,5.092873,2.700000,233854.000000,39.200000,13123.000000,39094.000000,
2011-08-01,7.790000,4.750000,,0.483287,,5.270272,2.700000,233854.000000,39.200000,14766.000000,39094.000000,
2011-09-01,7.790000,4.750000,,0.446933,,5.221905,2.500000,237259.000000,55.400000,12358.000000,37838.000000,
2011-10-01,7.790000,4.750000,,0.386605,,5.187539,2.500000,237259.000000,55.400000,11426.000000,37838.000000,
2011-11-01,7.550000,4.500000,,0.232824,,5.230991,2.500000,237259.000000,55.400000,11700.000000,37838.000000,
2011-12-01,7.300000,4.250000,,0.287832,,5.196512,2.700000,241023.000000,50.600000,11756.000000,36365.000000,
2012-01-01,7.300000,4.250000,,0.410147,,5.049295,2.700000,241023.000000,50.600000,11269.000000,36365.000000,
2012-02-01,7.390000,4.250000,,0.284144,,5.192920,2.700000,241023.000000,50.600000,11697.000000,36365.000000,
2012-03-01,7.390000,4.250000,,0.165983,,5.182964,2.300000,240463.000000,74.000000,11782.000000,33833.000000,
2012-04-01,7.400000,4.250000,,0.237567,,4.994880,2.300000,240463.000000,74.000000,10962.000000,33833.000000,
2012-05-01,7.040000,3.750000,,0.378463,,5.200233,2.300000,240463.000000,74.000000,13940.000000,33833.000000,
2012-06-01,6.830000,3.500000,,0.584961,,5.162435,2.000000,245459.000000,51.900000,14986.000000,36931.000000,
2012-07-01,6.830000,3.500000,,-0.809291,,5.182399,2.000000,245459.000000,51.900000,11803.000000,36931.000000,
2012-08-01,6.830000,3.500000,,0.356594,,5.157255,2.000000,245459.000000,51.900000,13215.000000,36931.000000,
2012-09-01,6.830000,3.500000,,0.219947,,5.488536,2.300000,242304.000000,63.300000,15451.000000,40820.000000,
2012-10-01,6.640000,3.250000,,0.215656,,5.410195,2.300000,242304.000000,63.300000,14146.000000,40820.000000,
2012-11-01,6.640000,3.250000,,0.229800,,5.256655,2.300000,242304.000000,63.300000,13959.000000,40820.000000,
2012-12-01,6.440000,3.000000,,0.170148,,5.431814,2.200000,246628.000000,51.000000,14013.000000,42101.000000,
2013-01-01,6.440000,3.000000,,0.235744,,5.392351,2.200000,246628.000000,51.000000,12647.000000,42101.000000,
2013-02-01,6.440000,3.000000,,0.224215,,5.396035,2.200000,246628.000000,51.000000,13809.000000,42101.000000,
2013-03-01,6.440000,3.000000,,0.269044,,5.640112,2.300000,250783.000000,71.200000,13342.000000,40312.000000,
2013-04-01,6.440000,3.000000,,0.291808,,5.588956,2.300000,250783.000000,71.200000,15011.000000,40312.000000,
2013-05-01,6.180000,2.750000,3.334333,0.426896,,5.609419,2.300000,250783.000000,71.200000,14221.000000,40312.000000,
2013-06-01,6.180000,2.750000,3.555000,-0.194236,,5.694874,2.400000,252282.000000,44.800000,13790.000000,42799.000000,
2013-07-01,6.180000,2.750000,3.771565,-3.281693,,5.635891,2.400000,252282.000000,44.800000,15015.000000,42799.000000,
2013-08-01,5.930000,2.500000,3.894143,0.381541,,5.843963,2.400000,252282.000000,44.800000,15059.000000,42799.000000,
2013-09-01,5.930000,2.500000,4.033095,0.343513,,5.706699,2.400000,255284.000000,54.200000,18602.000000,42196.000000,
2013-10-01,5.930000,2.500000,4.009409,0.044606,,5.822827,2.400000,255284.000000,54.200000,17484.000000,42196.000000,
2013-11-01,5.930000,2.500000,4.174952,0.218135,,5.796315,2.400000,255284.000000,54.200000,17350.000000,42196.000000,
2013-12-01,5.930000,2.500000,4.262250,0.189436,,5.899779,2.700000,259998.000000,38.200000,17021.000000,46268.000000,
2014-01-01,5.930000,2.500000,4.158000,0.065891,,5.945318,2.700000,259998.000000,38.200000,17736.000000,46268.000000,
2014-02-01,5.930000,2.500000,4.104500,0.336156,,5.877718,2.700000,259998.000000,38.200000,16919.000000,46268.000000,
2014-03-01,5.930000,2.500000,4.092381,0.289495,,5.874812,2.700000,263299.000000,65.000000,16064.000000,48907.000000,
2014-04-01,5.930000,2.500000,4.026842,0.424276,,5.804456,2.700000,263299.000000,65.000000,16257.000000,48907.000000,
2014-05-01,5.930000,2.500000,3.781364,0.507831,,5.929494,2.700000,263299.000000,65.000000,16825.000000,48907.000000,
2014-06-01,5.930000,2.500000,3.713400,0.694827,,6.048227,2.800000,267755.000000,30.400000,16691.000000,47913.000000,
2014-07-01,5.930000,2.500000,3.485696,0.677435,,6.172591,2.800000,267755.000000,30.400000,16927.000000,47913.000000,
2014-08-01,5.930000,2.500000,3.429450,0.361579,,6.100200,2.800000,267755.000000,30.400000,18648.000000,47913.000000,
2014-09-01,5.930000,2.500000,3.573136,0.390290,,6.236643,2.400000,269340.000000,50.200000,16480.000000,54734.000000,
2014-10-01,5.930000,2.500000,3.343773,0.225950,,6.356980,2.400000,269340.000000,50.200000,18021.000000,54734.000000,
2014-11-01,5.930000,2.500000,3.293550,0.241962,,6.296819,2.400000,269340.000000,50.200000,20351.000000,54734.000000,
2014-12-01,5.930000,2.500000,2.964333,0.342323,,6.104710,2.200000,272614.000000,36.800000,20096.000000,52141.000000,
2015-01-01,5.930000,2.500000,2.622450,0.396703,,6.350321,2.200000,272614.000000,36.800000,20061.000000,52141.000000,
2015-02-01,5.670000,2.250000,2.489450,0.334241,,6.150842,2.200000,272614.000000,36.800000,19829.000000,52141.000000,
2015-03-01,5.670000,2.250000,2.475000,0.464589,,6.103047,2.300000,273961.000000,63.800000,20810.000000,55421.000000,
2015-04-01,5.670000,2.250000,2.409800,0.361567,,6.112234,2.300000,273961.000000,63.800000,19010.000000,55421.000000,
2015-05-01,5.460000,2.000000,2.882286,0.549830,,5.930565,2.300000,273961.000000,63.800000,20862.000000,55421.000000,
2015-06-01,5.460000,2.000000,2.984429,0.821910,,6.007398,2.200000,277895.000000,33.300000,19349.000000,57339.000000,
2015-07-01,5.450000,2.000000,2.921870,0.899733,,6.275229,2.200000,277895.000000,33.300000,19667.000000,57339.000000,
2015-08-01,5.460000,2.000000,2.737850,1.456028,,6.087104,2.200000,277895.000000,33.300000,19476.000000,57339.000000,
2015-09-01,5.460000,2.000000,2.723909,1.302787,,6.174316,2.100000,279299.000000,50.400000,20234.000000,57214.000000,
2015-10-01,5.460000,2.000000,2.656476,2.052589,,5.911913,2.100000,279299.000000,50.400000,21632.000000,57214.000000,
2015-11-01,5.630000,2.000000,2.889000,0.818234,,5.850515,2.100000,279299.000000,50.400000,18837.000000,57214.000000,
2015-12-01,5.630000,2.000000,2.852429,0.814708,,5.739629,2.100000,277481.000000,39.300000,20048.000000,57629.000000,
2016-01-01,5.630000,2.000000,2.708158,0.649218,,6.040581,2.100000,277481.000000,39.300000,18817.000000,57629.000000,
2016-02-01,5.630000,2.000000,2.465095,0.710823,,5.692130,2.100000,277481.000000,39.300000,19923.000000,57629.000000,
2016-03-01,5.630000,2.000000,2.560810,0.628997,,5.653074,1.700000,279004.000000,73.000000,20517.000000,62090.000000,
2016-04-01,5.630000,2.000000,2.512150,0.593060,,5.644762,1.700000,279004.000000,73.000000,20860.000000,62090.000000,
2016-05-01,5.390000,1.750000,2.322136,0.806460,,5.721159,1.700000,279004.000000,73.000000,20283.000000,62090.000000,
2016-06-01,5.390000,1.750000,2.125286,0.744351,,5.695286,1.600000,282304.000000,43.600000,18604.000000,57530.000000,
2016-07-01,5.390000,1.750000,1.935762,0.790045,,5.694519,1.600000,282304.000000,43.600000,21425.000000,57530.000000,
2016-08-01,5.260000,1.500000,1.892136,0.599018,,5.614838,1.600000,282304.000000,43.600000,21972.000000,57530.000000,
2016-09-01,5.260000,1.500000,2.003773,0.646137,,5.665335,1.600000,284638.000000,73.700000,19300.000000,56505.000000,
2016-10-01,5.260000,1.500000,2.230700,0.473865,,5.596430,1.600000,284638.000000,73.700000,16594.000000,56505.000000,
2016-11-01,5.260000,1.500000,2.534864,0.397025,,5.767243,1.600000,284638.000000,73.700000,18360.000000,56505.000000,
2016-12-01,5.260000,1.500000,2.799000,0.506248,,5.834708,1.500000,286091.000000,53.600000,18427.000000,58201.000000,
2017-01-01,5.260000,1.500000,2.710700,0.908433,,5.684557,1.500000,286091.000000,53.600000,17038.000000,58201.000000,
2017-02-01,5.260000,1.500000,2.737950,0.463002,,5.890497,1.500000,286091.000000,53.600000,19079.000000,58201.000000,
2017-03-01,5.280000,1.500000,2.803783,0.530502,,5.845333,1.700000,288730.000000,88.800000,16483.000000,52063.000000,
2017-04-01,5.280000,1.500000,2.557529,0.476338,,5.608239,1.700000,288730.000000,88.800000,18241.000000,52063.000000,
2017-05-01,5.290000,1.500000,2.548174,0.859911,,5.546811,1.700000,288730.000000,88.800000,16895.000000,52063.000000,
2017-06-01,5.230000,1.500000,2.421333,0.983177,,5.623039,1.700000,289887.000000,47.300000,18832.000000,54191.000000,
2017-07-01,5.220000,1.500000,2.664143,0.988717,,5.606747,1.700000,289887.000000,47.300000,19213.000000,54191.000000,
2017-08-01,5.220000,1.500000,2.625545,0.740966,,5.529917,1.700000,289887.000000,47.300000,19331.000000,54191.000000,
2017-09-01,5.220000,1.500000,2.710143,0.708959,,5.464687,1.700000,291660.000000,69.700000,19668.000000,55309.000000,
2017-10-01,5.220000,1.500000,2.767762,0.487995,,5.403141,1.700000,291660.000000,69.700000,19673.000000,55309.000000,
2017-11-01,5.220000,1.500000,2.564773,0.452088,,5.454228,1.700000,291660.000000,69.700000,23033.000000,55309.000000,
2017-12-01,5.220000,1.500000,2.582947,0.559511,,5.614486,1.700000,297294.000000,35.800000,17921.000000,54718.000000,
2018-01-01,5.220000,1.500000,2.747238,0.480926,,5.525352,1.700000,297294.000000,35.800000,19351.000000,54718.000000,
2018-02-01,5.220000,1.500000,2.845300,0.539449,,5.578130,1.700000,297294.000000,35.800000,19264.000000,54718.000000,
2018-03-01,5.220000,1.500000,2.713333,0.449817,,5.529676,1.700000,299881.000000,85.100000,19847.000000,62358.000000,
2018-04-01,5.220000,1.500000,2.734579,0.363189,,5.544303,1.700000,299881.000000,85.100000,18467.000000,62358.000000,
2018-05-01,5.220000,1.500000,2.790087,0.715880,,5.434526,1.700000,299881.000000,85.100000,17793.000000,62358.000000,
2018-06-01,5.220000,1.500000,2.697050,0.902677,,5.343226,1.600000,302621.000000,47.600000,19648.000000,57252.000000,
2018-07-01,5.220000,1.500000,2.636636,0.894857,,5.296170,1.600000,302621.000000,47.600000,18515.000000,57252.000000,
2018-08-01,5.220000,1.500000,2.589500,1.048500,,5.244391,1.600000,302621.000000,47.600000,16514.000000,57252.000000,
2018-09-01,5.310000,1.500000,2.630850,0.566339,,5.021344,1.700000,305592.000000,73.800000,16757.000000,56105.000000,
2018-10-01,5.340000,1.500000,2.682136,0.255517,,5.001320,1.700000,305592.000000,73.800000,17088.000000,56105.000000,
2018-11-01,5.340000,1.500000,2.682773,0.231606,,5.108640,1.700000,305592.000000,73.800000,15175.000000,56105.000000,
2018-12-01,5.340000,1.500000,2.431368,0.259314,,5.015355,1.800000,309764.000000,45.700000,14285.000000,48560.000000,
2019-01-01,5.370000,1.500000,2.270905,0.200902,,5.046072,1.800000,309764.000000,45.700000,14507.000000,48560.000000,
2019-02-01,5.370000,1.500000,2.126350,0.262729,,4.988157,1.800000,309764.000000,45.700000,16670.000000,48560.000000,
2019-03-01,5.370000,1.500000,1.956714,0.105521,,5.087912,1.600000,311952.000000,83.600000,15295.000000,46193.000000,
2019-04-01,5.370000,1.500000,1.864632,0.222696,,5.220231,1.600000,311952.000000,83.600000,14388.000000,46193.000000,
2019-05-01,5.370000,1.500000,1.655000,0.512313,,5.193978,1.600000,311952.000000,83.600000,14392.000000,46193.000000,
2019-06-01,5.150000,1.250000,1.385895,0.561818,,5.261689,1.600000,312108.000000,38.200000,14963.000000,45714.000000,
2019-07-01,4.940000,1.000000,1.320261,-9.026838,,5.277825,1.600000,312108.000000,38.200000,13386.000000,45714.000000,
2019-08-01,4.940000,1.000000,0.959364,0.588964,3.780000,5.258868,1.600000,312108.000000,38.200000,13952.000000,45714.000000,
2019-09-01,4.940000,1.000000,1.035381,0.627218,3.760000,5.231420,1.500000,320361.000000,74.500000,14628.000000,40930.000000,
2019-10-01,4.800000,0.750000,1.036455,0.327327,3.640000,5.302147,1.500000,320361.000000,74.500000,14175.000000,40930.000000,
2019-11-01,4.800000,0.750000,1.151762,0.423401,3.630000,5.171728,1.500000,320361.000000,74.500000,14996.000000,40930.000000,
2019-12-01,4.800000,0.750000,1.202200,0.318957,3.610000,5.036260,1.500000,320200.000000,51.300000,15927.000000,42857.000000,
2020-01-01,4.800000,0.750000,1.158524,0.367633,3.610000,5.245620,1.500000,320200.000000,51.300000,13366.000000,42857.000000,
2020-02-01,4.800000,0.750000,0.983950,0.459502,3.570000,5.106705,1.500000,320200.000000,51.300000,16443.000000,42857.000000,
2020-03-01,4.520000,0.250000,0.883682,0.010253,3.300000,5.195481,1.700000,325355.000000,75.200000,15495.000000,46793.000000,
2020-04-01,4.520000,0.250000,0.854550,0.352082,3.260000,6.303854,1.700000,325355.000000,75.200000,14894.000000,46793.000000,
2020-05-01,4.520000,0.250000,0.903190,0.602371,3.240000,6.984122,1.700000,325355.000000,75.200000,13432.000000,46793.000000,
2020-06-01,4.520000,0.250000,0.928190,0.563608,3.230000,7.428534,1.200000,336186.000000,-8.300000,12937.000000,42655.000000,
2020-07-01,4.520000,0.250000,0.896696,0.692310,3.210000,7.440170,1.200000,336186.000000,-8.300000,15064.000000,42655.000000,
2020-08-01,4.520000,0.250000,0.904667,0.591821,3.200000,6.796420,1.200000,336186.000000,-8.300000,14646.000000,42655.000000,
2020-09-01,4.520000,0.250000,0.894273,0.848873,3.180000,6.933131,1.200000,347291.000000,-42.600000,16118.000000,42510.000000,
2020-10-01,4.520000,0.250000,0.801762,0.311671,3.170000,6.949239,1.200000,347291.000000,-42.600000,17463.000000,42510.000000,
2020-11-01,4.520000,0.100000,0.856238,0.441874,3.150000,6.809973,1.200000,347291.000000,-42.600000,17836.000000,42510.000000,
2020-12-01,4.520000,0.100000,0.976238,0.499373,3.140000,6.554725,1.200000,340239.000000,-29.300000,18938.000000,51805.000000,
2021-01-01,4.520000,0.100000,1.052737,0.491477,3.130000,6.269927,1.200000,340239.000000,-29.300000,17205.000000,51805.000000,
2021-02-01,4.520000,0.100000,1.334150,0.478298,3.110000,5.841537,1.200000,340239.000000,-29.300000,20048.000000,51805.000000,
2021-03-01,4.520000,0.100000,1.707087,2.146766,3.090000,5.665464,1.100000,347236.000000,-14.200000,23076.000000,53184.000000,
2021-04-01,4.520000,0.100000,1.676350,0.626923,3.080000,5.474754,1.100000,347236.000000,-14.200000,20154.000000,53184.000000,
2021-05-01,4.520000,0.100000,1.660238,0.936028,3.060000,5.106156,1.100000,347236.000000,-14.200000,20701.000000,53184.000000,
2021-06-01,4.520000,0.100000,1.531286,1.049433,3.050000,5.028081,1.600000,345806.000000,1.100000,19778.000000,66635.000000,
2021-07-01,4.520000,0.100000,1.254091,1.381535,3.040000,4.727339,1.600000,345806.000000,1.100000,18659.000000,66635.000000,
2021-08-01,4.520000,0.100000,1.134619,0.937928,3.020000,4.576037,1.600000,345806.000000,1.100000,19410.000000,66635.000000,
2021-09-01,4.520000,0.100000,1.282455,0.760939,3.010000,4.710065,2.100000,365883.000000,-13.000000,18311.000000,57389.000000,
2021-10-01,4.520000,0.100000,1.710450,0.579096,2.990000,5.236479,2.100000,365883.000000,-13.000000,16410.000000,57389.000000,
2021-11-01,4.520000,0.100000,1.805591,0.618580,2.980000,4.632102,2.100000,365883.000000,-13.000000,16443.000000,57389.000000,
2021-12-01,4.520000,0.100000,1.608714,0.729445,2.960000,4.208013,2.600000,362013.000000,35.400000,17083.000000,52087.000000,
2022-01-01,4.520000,0.100000,1.887789,0.685602,2.940000,4.158626,2.600000,362013.000000,35.400000,14299.000000,52087.000000,
2022-02-01,4.520000,0.100000,2.111450,0.576805,2.920000,4.026511,2.600000,362013.000000,35.400000,18617.000000,52087.000000,
2022-03-01,4.520000,0.100000,2.499826,0.442300,2.900000,3.973244,3.800000,369010.000000,107.500000,15055.000000,48649.000000,
2022-04-01,4.520000,0.100000,3.008000,0.542050,2.880000,3.862949,3.800000,369010.000000,107.500000,15851.000000,48649.000000,
2022-05-01,4.770000,0.350000,3.381091,0.747050,3.090000,3.935002,3.800000,369010.000000,107.500000,16405.000000,48649.000000,
2022-06-01,5.270000,0.850000,3.767381,0.838404,3.520000,3.611000,4.900000,371769.000000,78.000000,16507.000000,47684.000000,
2022-07-01,5.770000,1.350000,3.428810,0.592208,4.000000,3.451956,4.900000,371769.000000,78.000000,14219.000000,47684.000000,83.050000
2022-08-01,6.270000,1.850000,3.361304,0.717119,4.450000,3.529899,4.900000,371769.000000,78.000000,17633.000000,47684.000000,83.480000
2022-09-01,6.770000,2.350000,3.746714,0.520158,4.870000,3.606313,6.000000,381602.000000,127.700000,16355.000000,45042.000000,84.010000
2022-10-01,7.020000,2.600000,3.918800,0.457191,5.080000,3.436448,6.000000,381602.000000,127.700000,15635.000000,45042.000000,84.590000
2022-11-01,7.270000,2.850000,3.696091,0.333234,5.290000,3.514705,6.000000,381602.000000,127.700000,14903.000000,45042.000000,84.750000
2022-12-01,7.520000,3.100000,3.551150,0.350725,5.480000,3.527234,6.800000,378044.000000,124.600000,16941.000000,41548.000000,85.190000
2023-01-01,7.520000,3.100000,3.603750,0.405303,5.450000,3.656780,6.800000,378044.000000,124.600000,13076.000000,41548.000000,85.700000
2023-02-01,7.770000,3.350000,3.702300,0.374093,5.630000,3.602734,6.800000,378044.000000,124.600000,13622.000000,41548.000000,86.230000
2023-03-01,8.020000,3.600000,3.467609,0.195852,5.830000,3.581195,6.500000,378314.000000,165.500000,13402.000000,45589.000000,86.650000
2023-04-01,8.020000,3.600000,3.343000,0.347068,5.800000,3.719675,6.500000,378314.000000,165.500000,12915.000000,45589.000000,87.330000
2023-05-01,8.270000,3.850000,3.499696,0.486132,6.010000,3.583013,6.500000,378314.000000,165.500000,15153.000000,45589.000000,87.960000
2023-06-01,8.520000,4.100000,3.916095,0.435267,6.220000,3.524596,5.800000,383065.000000,120.500000,13901.000000,42406.000000,88.690000
2023-07-01,8.520000,4.100000,4.036095,0.407242,6.200000,3.720071,5.800000,383065.000000,120.500000,12861.000000,42406.000000,89.360000
2023-08-01,8.520000,4.100000,4.128174,0.436051,6.180000,3.682959,5.800000,383065.000000,120.500000,13718.000000,42406.000000,90.000000
2023-09-01,8.520000,4.100000,4.210905,0.402226,6.160000,3.567298,5.100000,388240.000000,145.200000,13681.000000,37996.000000,90.310000
2023-10-01,8.520000,4.100000,4.632810,0.410595,6.140000,3.778834,5.100000,388240.000000,145.200000,14589.000000,37996.000000,90.200000
2023-11-01,8.770000,4.350000,4.577591,0.448210,6.360000,3.929639,5.100000,388240.000000,145.200000,14459.000000,37996.000000,90.790000
2023-12-01,8.770000,4.350000,4.186947,0.407553,6.360000,3.986643,4.200000,397169.000000,99.500000,13885.000000,39932.000000,91.500000
2024-01-01,8.770000,4.350000,4.147524,0.433427,6.350000,4.089266,4.200000,397169.000000,99.500000,13891.000000,39932.000000,92.110000
2024-02-01,8.770000,4.350000,4.140714,0.420567,6.340000,3.729903,4.200000,397169.000000,99.500000,13235.000000,39932.000000,92.720000
2024-03-01,8.770000,4.350000,4.044800,0.444863,6.390000,3.879180,4.100000,401401.000000,128.700000,13702.000000,40437.000000,93.340000
2024-04-01,8.770000,4.350000,4.267650,0.482713,6.380000,4.106471,4.100000,401401.000000,128.700000,13587.000000,40437.000000,93.860000
2024-05-01,8.770000,4.350000,4.324870,0.498273,6.370000,3.998501,4.100000,401401.000000,128.700000,14336.000000,40437.000000,94.460000
2024-06-01,8.770000,4.350000,4.242211,0.498371,6.360000,4.040595,4.100000,405435.000000,55.800000,13486.000000,41671.000000,94.970000
2024-07-01,8.770000,4.350000,4.326043,0.558270,6.350000,4.204028,4.100000,405435.000000,55.800000,15173.000000,41671.000000,95.530000
2024-08-01,8.770000,4.350000,3.975455,0.464549,6.340000,4.131234,4.100000,405435.000000,55.800000,14659.000000,41671.000000,96.060000
2024-09-01,8.770000,4.350000,3.921762,0.451521,6.340000,4.026478,3.600000,416012.000000,81.600000,14914.000000,43891.000000,96.320000
2024-10-01,8.770000,4.350000,4.266591,0.477766,6.330000,4.091427,3.600000,416012.000000,81.600000,16203.000000,43891.000000,96.290000
2024-11-01,8.770000,4.350000,4.543571,0.446665,6.320000,3.933440,3.600000,416012.000000,81.600000,15350.000000,43891.000000,96.790000
2024-12-01,8.770000,4.350000,4.312750,0.404372,6.320000,3.991348,3.300000,424218.000000,63.900000,15592.000000,42493.000000,97.140000
2025-01-01,8.770000,4.350000,4.481381,0.414364,6.310000,4.115572,3.300000,424218.000000,63.900000,17355.000000,42493.000000,97.480000
2025-02-01,8.620000,4.100000,4.423600,0.438956,6.130000,4.055526,3.300000,424218.000000,63.900000,16657.000000,42493.000000,97.830000
2025-03-01,8.520000,4.100000,4.421524,0.426563,6.050000,4.057619,2.900000,434834.000000,109.100000,15872.000000,47116.000000,98.180000
2025-04-01,8.520000,4.100000,4.267211,0.514327,6.040000,4.083057,2.900000,434834.000000,109.100000,14973.000000,47116.000000,98.500000
2025-05-01,8.370000,3.850000,4.350227,0.454929,5.860000,4.095918,2.900000,434834.000000,109.100000,15478.000000,47116.000000,98.740000
2025-06-01,8.270000,3.850000,4.207950,0.433606,5.780000,4.323983,2.700000,437759.000000,50.100000,17511.000000,45853.000000,98.960000
2025-07-01,8.270000,3.850000,4.290870,0.428165,5.780000,4.252223,2.700000,437759.000000,50.100000,16088.000000,45853.000000,99.270000
2025-08-01,8.020000,3.600000,4.274667,0.482365,5.530000,4.251574,2.700000,437759.000000,50.100000,15393.000000,45853.000000,99.590000
2025-09-01,8.020000,3.600000,4.297818,0.539044,5.520000,4.455450,3.000000,445503.000000,87.800000,17196.000000,49582.000000,99.960000
2025-10-01,8.020000,3.600000,4.233545,0.536214,5.510000,4.331294,3.000000,445503.000000,,16033.000000,49582.000000,100.340000
2025-11-01,8.020000,3.600000,4.415900,0.560698,5.510000,4.318220,3.000000,445503.000000,,18464.000000,49582.000000,100.700000
2025-12-01,8.020000,3.600000,4.719238,0.717476,5.510000,4.110131,3.400000,453531.000000,,15854.000000,53567.000000,100.970000
2026-01-01,8.020000,3.600000,4.749700,0.388919,5.510000,4.073245,3.400000,,,14767.000000,,101.260000
2026-02-01,8.270000,3.850000,4.758350,0.469200,5.740000,4.282896,3.400000,,,19339.000000,,101.520000
2026-03-01,8.520000,4.100000,4.926364,0.528673,5.950000,4.255249,3.500000,,,17300.000000,,101.770000
2026-04-01,8.520000,4.100000,4.969050,,,,,,,,,
2026-05-01,,4.350000,4.994556,,,,,,,,,
