window_end,horizon,actual_log,forecast_log,error,model
2014-01-01,1,0.29932752,0.29922704,-0.00010048,current
2014-01-01,3,0.30950206,0.31427146,0.00476940,current
2014-01-01,6,0.31573019,0.33899791,0.02326772,current
2014-01-01,12,0.34354346,0.39269387,0.04915041,current
2014-01-01,24,0.38850514,0.51766678,0.12916164,current
2014-02-01,1,0.30434032,0.30675567,0.00241535,current
2014-02-01,3,0.31264834,0.32259435,0.00994600,current
2014-02-01,6,0.32008523,0.34810118,0.02801595,current
2014-02-01,12,0.34944268,0.40280225,0.05335957,current
2014-02-01,24,0.38671824,0.52849369,0.14177545,current
2014-03-01,1,0.30950206,0.31005617,0.00055411,current
2014-03-01,3,0.31363645,0.32316638,0.00952993,current
2014-03-01,6,0.32510137,0.34582571,0.02072434,current
2014-03-01,12,0.35907919,0.39811619,0.03903700,current
2014-03-01,24,0.38629025,0.52043105,0.13414080,current
2014-04-01,1,0.31264834,0.31533631,0.00268796,current
2014-04-01,3,0.31573019,0.32861114,0.01288095,current
2014-04-01,6,0.33149686,0.35139055,0.01989370,current
2014-04-01,12,0.36686614,0.40449128,0.03762514,current
2014-04-01,24,0.38835031,0.52624487,0.13789456,current
2014-05-01,1,0.31363645,0.31674959,0.00311314,current
2014-05-01,3,0.32008523,0.32723894,0.00715371,current
2014-05-01,6,0.33557283,0.34707020,0.01149737,current
2014-05-01,12,0.37519541,0.39789157,0.02269616,current
2014-05-01,24,0.39148216,0.51592321,0.12444105,current
2014-06-01,1,0.31573019,0.31587319,0.00014300,current
2014-06-01,3,0.32510137,0.32334985,-0.00175152,current
2014-06-01,6,0.33791680,0.33997965,0.00206285,current
2014-06-01,12,0.37954028,0.38849730,0.00895702,current
2014-06-01,24,0.39565834,0.50311252,0.10745418,current
2014-07-01,1,0.32008523,0.31889775,-0.00118748,current
2014-07-01,3,0.33149686,0.32781555,-0.00368130,current
2014-07-01,6,0.34354346,0.34584877,0.00230532,current
2014-07-01,12,0.38475687,0.39703210,0.01227523,current
2014-07-01,24,0.40067696,0.51204740,0.11137045,current
2014-08-01,1,0.32510137,0.32518560,0.00008424,current
2014-08-01,3,0.33557283,0.33717503,0.00160220,current
2014-08-01,6,0.34944268,0.35861444,0.00917176,current
2014-08-01,12,0.39139179,0.41424809,0.02285629,current
2014-08-01,24,0.40869943,0.53241790,0.12371847,current
2014-09-01,1,0.33149686,0.33075561,-0.00074125,current
2014-09-01,3,0.33791680,0.34359527,0.00567847,current
2014-09-01,6,0.35907919,0.36665538,0.00757619,current
2014-09-01,12,0.39498944,0.42336880,0.02837936,current
2014-09-01,24,0.41560303,0.54214803,0.12654500,current
2014-10-01,1,0.33557283,0.33832192,0.00274909,current
2014-10-01,3,0.34354346,0.35300200,0.00945854,current
2014-10-01,6,0.36686614,0.37873623,0.01187009,current
2014-10-01,12,0.39611157,0.43776649,0.04165492,current
2014-10-01,24,0.42260952,0.55842831,0.13581879,current
2014-11-01,1,0.33791680,0.34041593,0.00249913,current
2014-11-01,3,0.34944268,0.35217825,0.00273556,current
2014-11-01,6,0.37519541,0.37551196,0.00031655,current
2014-11-01,12,0.39326284,0.43051149,0.03724865,current
2014-11-01,24,0.43075407,0.54864533,0.11789126,current
2014-12-01,1,0.34354346,0.34126349,-0.00227996,current
2014-12-01,3,0.35907919,0.35140427,-0.00767492,current
2014-12-01,6,0.37954028,0.37270988,-0.00683040,current
2014-12-01,12,0.38902928,0.42378944,0.03476016,current
2014-12-01,24,0.43545882,0.53986742,0.10440859,current
2015-01-01,1,0.34944268,0.34993179,0.00048911,current
2015-01-01,3,0.36686614,0.36510029,-0.00176584,current
2015-01-01,6,0.38475687,0.39158727,0.00683040,current
2015-01-01,12,0.38850514,0.44679103,0.05828589,current
2015-01-01,24,0.44505312,0.56780212,0.12274899,current
2015-02-01,1,0.35907919,0.35642131,-0.00265788,current
2015-02-01,3,0.37519541,0.37193152,-0.00326388,current
2015-02-01,6,0.39139179,0.39853393,0.00714214,current
2015-02-01,12,0.38671824,0.45275511,0.06603687,current
2015-02-01,24,0.45379404,0.57423944,0.12044540,current
2015-03-01,1,0.36686614,0.36875922,0.00189309,current
2015-03-01,3,0.37954028,0.38910651,0.00956623,current
2015-03-01,6,0.39498944,0.41990189,0.02491245,current
2015-03-01,12,0.38629025,0.47825346,0.09196321,current
2015-03-01,24,0.46120904,0.60464522,0.14343618,current
2015-04-01,1,0.37519541,0.37527724,0.00008183,current
2015-04-01,3,0.38475687,0.39340279,0.00864592,current
2015-04-01,6,0.39611157,0.42142476,0.02531319,current
2015-04-01,12,0.38835031,0.47642581,0.08807551,current
2015-04-01,24,0.46653725,0.60133483,0.13479757,current
2015-05-01,1,0.37954028,0.38406278,0.00452250,current
2015-05-01,3,0.39139179,0.40237588,0.01098409,current
2015-05-01,6,0.39326284,0.43021447,0.03695163,current
2015-05-01,12,0.39148216,0.48551386,0.09403170,current
2015-05-01,24,0.47096049,0.61079714,0.13983665,current
2015-06-01,1,0.38475687,0.38479122,0.00003435,current
2015-06-01,3,0.39498944,0.39715411,0.00216467,current
2015-06-01,6,0.38902928,0.41841176,0.02938248,current
2015-06-01,12,0.39565834,0.46812706,0.07246872,current
2015-06-01,24,0.47367931,0.58729513,0.11361582,current
2015-07-01,1,0.39139179,0.39064778,-0.00074402,current
2015-07-01,3,0.39611157,0.40397671,0.00786514,current
2015-07-01,6,0.38850514,0.42564255,0.03713741,current
2015-07-01,12,0.40067696,0.47714728,0.07647032,current
2015-07-01,24,0.47979225,0.59666987,0.11687762,current
2015-08-01,1,0.39498944,0.39841432,0.00342488,current
2015-08-01,3,0.39326284,0.41341248,0.02014964,current
2015-08-01,6,0.38671824,0.43672709,0.05000885,current
2015-08-01,12,0.40869943,0.49156054,0.08286111,current
2015-08-01,24,0.48513009,0.61259768,0.12746759,current
2015-09-01,1,0.39611157,0.39953209,0.00342052,current
2015-09-01,3,0.38902928,0.40993611,0.02090683,current
2015-09-01,6,0.38629025,0.42909393,0.04280368,current
2015-09-01,12,0.41560303,0.48011852,0.06451549,current
2015-09-01,24,0.48960593,0.59602116,0.10641523,current
2015-10-01,1,0.39326284,0.39818472,0.00492188,current
2015-10-01,3,0.38850514,0.40477149,0.01626634,current
2015-10-01,6,0.38835031,0.42023936,0.03188906,current
2015-10-01,12,0.42260952,0.46775321,0.04514369,current
2015-10-01,24,0.49307124,0.57862748,0.08555623,current
2015-11-01,1,0.38902928,0.39181322,0.00278394,current
2015-11-01,3,0.38671824,0.39293574,0.00621750,current
2015-11-01,6,0.39148216,0.40301803,0.01153587,current
2015-11-01,12,0.43075407,0.44419464,0.01344057,current
2015-11-01,24,0.49300666,0.54817239,0.05516573,current
2015-12-01,1,0.38850514,0.38656003,-0.00194511,current
2015-12-01,3,0.38629025,0.38598809,-0.00030217,current
2015-12-01,6,0.39565834,0.39471305,-0.00094529,current
2015-12-01,12,0.43545882,0.43277767,-0.00268115,current
2015-12-01,24,0.49440740,0.53260953,0.03820213,current
2016-01-01,1,0.38671824,0.38918684,0.00246861,current
2016-01-01,3,0.38835031,0.39408750,0.00573719,current
2016-01-01,6,0.40067696,0.40930825,0.00863129,current
2016-01-01,12,0.44505312,0.45373763,0.00868450,current
2016-01-01,24,0.49905789,0.55839905,0.05934116,current
2016-02-01,1,0.38629025,0.38653835,0.00024810,current
2016-02-01,3,0.39148216,0.39000500,-0.00147716,current
2016-02-01,6,0.40869943,0.40389433,-0.00480510,current
2016-02-01,12,0.45379404,0.44518867,-0.00860537,current
2016-02-01,24,0.50284941,0.54660858,0.04375916,current
2016-03-01,1,0.38835031,0.38710955,-0.00124075,current
2016-03-01,3,0.39565834,0.39303061,-0.00262772,current
2016-03-01,6,0.41560303,0.40882353,-0.00677950,current
2016-03-01,12,0.46120904,0.45142163,-0.00978741,current
2016-03-01,24,0.50519743,0.55385187,0.04865443,current
2016-04-01,1,0.39148216,0.39168844,0.00020628,current
2016-04-01,3,0.40067696,0.40156854,0.00089158,current
2016-04-01,6,0.42260952,0.42129264,-0.00131688,current
2016-04-01,12,0.46653725,0.46752430,0.00098705,current
2016-04-01,24,0.50444613,0.57304527,0.06859914,current
2016-05-01,1,0.39565834,0.39592140,0.00026306,current
2016-05-01,3,0.40869943,0.40704301,-0.00165642,current
2016-05-01,6,0.43075407,0.42765117,-0.00310290,current
2016-05-01,12,0.47096049,0.47462863,0.00366814,current
2016-05-01,24,0.50387910,0.58074473,0.07686564,current
2016-06-01,1,0.40067696,0.40055905,-0.00011791,current
2016-06-01,3,0.41560303,0.41266531,-0.00293772,current
2016-06-01,6,0.43545882,0.43369811,-0.00176072,current
2016-06-01,12,0.47367931,0.48107373,0.00739442,current
2016-06-01,24,0.50229038,0.58723265,0.08494227,current
2016-07-01,1,0.40869943,0.40657075,-0.00212868,current
2016-07-01,3,0.42260952,0.41984759,-0.00276194,current
2016-07-01,6,0.44505312,0.44185787,-0.00319525,current
2016-07-01,12,0.47979225,0.49060258,0.01081033,current
2016-07-01,24,0.50206064,0.59779960,0.09573896,current
2016-08-01,1,0.41560303,0.41694882,0.00134579,current
2016-08-01,3,0.43075407,0.43389434,0.00314027,current
2016-08-01,6,0.45379404,0.45972451,0.00593047,current
2016-08-01,12,0.48513009,0.51322101,0.02809092,current
2016-08-01,24,0.50178596,0.62442313,0.12263716,current
2016-09-01,1,0.42260952,0.42289350,0.00028397,current
2016-09-01,3,0.43545882,0.43808133,0.00262251,current
2016-09-01,6,0.46120904,0.46219882,0.00098978,current
2016-09-01,12,0.48960593,0.51414185,0.02453592,current
2016-09-01,24,0.49819390,0.62366733,0.12547343,current
2016-10-01,1,0.43075407,0.42987001,-0.00088407,current
2016-10-01,3,0.44505312,0.44506314,0.00001002,current
2016-10-01,6,0.46653725,0.46911393,0.00257667,current
2016-10-01,12,0.49307124,0.52122646,0.02815522,current
2016-10-01,24,0.49241002,0.63009992,0.13768990,current
2016-11-01,1,0.43545882,0.43898165,0.00352282,current
2016-11-01,3,0.45379404,0.45578634,0.00199231,current
2016-11-01,6,0.47096049,0.48160828,0.01064779,current
2016-11-01,12,0.49300666,0.53590473,0.04289807,current
2016-11-01,24,0.48558148,0.64598784,0.16040636,current
2016-12-01,1,0.44505312,0.44079878,-0.00425434,current
2016-12-01,3,0.46120904,0.45280090,-0.00840814,current
2016-12-01,6,0.47367931,0.47348763,-0.00019167,current
2016-12-01,12,0.49440740,0.52180719,0.02739979,current
2016-12-01,24,0.47834891,0.62520201,0.14685310,current
2017-01-01,1,0.45379404,0.45449807,0.00070403,current
2017-01-01,3,0.46653725,0.47321946,0.00668220,current
2017-01-01,6,0.47979225,0.50120663,0.02141438,current
2017-01-01,12,0.49905789,0.55751279,0.05845490,current
2017-01-01,24,0.47793253,0.66740555,0.18947302,current
2017-02-01,1,0.46120904,0.46259495,0.00138591,current
2017-02-01,3,0.47096049,0.48025421,0.00929371,current
2017-02-01,6,0.48513009,0.50737756,0.02224746,current
2017-02-01,12,0.50284941,0.56249657,0.05964716,current
2017-02-01,24,0.47727242,0.67117430,0.19390188,current
2017-03-01,1,0.46653725,0.46882368,0.00228643,current
2017-03-01,3,0.47367931,0.48463606,0.01095675,current
2017-03-01,6,0.48960593,0.51002187,0.02041594,current
2017-03-01,12,0.50519743,0.56265502,0.05745759,current
2017-03-01,24,0.47500261,0.66859745,0.19359484,current
2017-04-01,1,0.47096049,0.47239159,0.00143110,current
2017-04-01,3,0.47979225,0.48558778,0.00579552,current
2017-04-01,6,0.49307124,0.50810293,0.01503169,current
2017-04-01,12,0.50444613,0.55755443,0.05310830,current
2017-04-01,24,0.47355164,0.66083230,0.18728066,current
2017-05-01,1,0.47367931,0.47604482,0.00236551,current
2017-05-01,3,0.48513009,0.48810651,0.00297641,current
2017-05-01,6,0.49300666,0.50914552,0.01613885,current
2017-05-01,12,0.50387910,0.55657444,0.05269534,current
2017-05-01,24,0.47467156,0.65709677,0.18242521,current
2017-06-01,1,0.47979225,0.47743340,-0.00235885,current
2017-06-01,3,0.48960593,0.48717672,-0.00242921,current
2017-06-01,6,0.49440740,0.50553799,0.01113058,current
2017-06-01,12,0.50229038,0.55002109,0.04773071,current
2017-06-01,24,0.47866051,0.64787245,0.16921194,current
2017-07-01,1,0.48513009,0.48633058,0.00120048,current
2017-07-01,3,0.49307124,0.50049098,0.00741974,current
2017-07-01,6,0.49905789,0.52332395,0.02426606,current
2017-07-01,12,0.50206064,0.57257585,0.07051522,current
2017-07-01,24,0.48673744,0.67414516,0.18740772,current
2017-08-01,1,0.48960593,0.49106742,0.00146149,current
2017-08-01,3,0.49300666,0.50405829,0.01105163,current
2017-08-01,6,0.50284941,0.52567282,0.02282340,current
2017-08-01,12,0.50178596,0.57358076,0.07179480,current
2017-08-01,24,0.49533262,0.67491785,0.17958523,current
2017-09-01,1,0.49307124,0.49467253,0.00160129,current
2017-09-01,3,0.49440740,0.50634649,0.01193908,current
2017-09-01,6,0.50519743,0.52668232,0.02148489,current
2017-09-01,12,0.49819390,0.57324056,0.07504666,current
2017-09-01,24,0.50400898,0.67515773,0.17114875,current
2017-10-01,1,0.49300666,0.49730407,0.00429741,current
2017-10-01,3,0.49905789,0.50753487,0.00847698,current
2017-10-01,6,0.50444613,0.52628475,0.02183861,current
2017-10-01,12,0.49241002,0.57041986,0.07800984,current
2017-10-01,24,0.51259685,0.67120443,0.15860759,current
2017-11-01,1,0.49440740,0.49413298,-0.00027443,current
2017-11-01,3,0.50284941,0.49938474,-0.00346467,current
2017-11-01,6,0.50387910,0.51279709,0.00891799,current
2017-11-01,12,0.48558148,0.55035474,0.06477326,current
2017-11-01,24,0.51804218,0.64704650,0.12900433,current
2017-12-01,1,0.49905789,0.49682239,-0.00223550,current
2017-12-01,3,0.50519743,0.50414114,-0.00105629,current
2017-12-01,6,0.50229038,0.51967967,0.01738928,current
2017-12-01,12,0.47834891,0.55903713,0.08068822,current
2017-12-01,24,0.52148387,0.65856642,0.13708255,current
2018-01-01,1,0.50284941,0.50428069,0.00143128,current
2018-01-01,3,0.50444613,0.51611328,0.01166715,current
2018-01-01,6,0.50206064,0.53639111,0.03433047,current
2018-01-01,12,0.47793253,0.58063029,0.10269776,current
2018-01-01,24,0.52646387,0.68554601,0.15908214,current
2018-02-01,1,0.50519743,0.50732596,0.00212852,current
2018-02-01,3,0.50387910,0.51794042,0.01406132,current
2018-02-01,6,0.50178596,0.53689427,0.03510830,current
2018-02-01,12,0.47727242,0.57915722,0.10188480,current
2018-02-01,24,0.53229493,0.68354780,0.15125287,current
2018-03-01,1,0.50444613,0.50842066,0.00397453,current
2018-03-01,3,0.50229038,0.51699263,0.01470225,current
2018-03-01,6,0.49819390,0.53366438,0.03547048,current
2018-03-01,12,0.47500261,0.57307936,0.09807675,current
2018-03-01,24,0.53055597,0.67612775,0.14557178,current
2018-04-01,1,0.50387910,0.50497284,0.00109374,current
2018-04-01,3,0.50206064,0.50914151,0.00708087,current
2018-04-01,6,0.49241002,0.52076443,0.02835441,current
2018-04-01,12,0.47355164,0.55458394,0.08103230,current
2018-04-01,24,0.52792367,0.65402290,0.12609923,current
2018-05-01,1,0.50229038,0.50454686,0.00225648,current
2018-05-01,3,0.50178596,0.50889596,0.00711000,current
2018-05-01,6,0.48558148,0.52026232,0.03468084,current
2018-05-01,12,0.47467156,0.55405175,0.07938019,current
2018-05-01,24,0.53341237,0.65443212,0.12101975,current
2018-06-01,1,0.50206064,0.50204681,-0.00001382,current
2018-06-01,3,0.49819390,0.50478071,0.00658680,current
2018-06-01,6,0.47834891,0.51403041,0.03568150,current
2018-06-01,12,0.47866051,0.54585786,0.06719735,current
2018-06-01,24,0.54200772,0.64522693,0.10321921,current
2018-07-01,1,0.50178596,0.50298408,0.00119811,current
2018-07-01,3,0.49241002,0.50729652,0.01488651,current
2018-07-01,6,0.47793253,0.51841235,0.04047981,current
2018-07-01,12,0.48673744,0.55315172,0.06641429,current
2018-07-01,24,0.55282812,0.65420472,0.10137660,current
2018-08-01,1,0.49819390,0.50258359,0.00438968,current
2018-08-01,3,0.48558148,0.50648880,0.02090732,current
2018-08-01,6,0.47727242,0.51736533,0.04009291,current
2018-08-01,12,0.49533262,0.55305279,0.05772017,current
2018-08-01,24,0.56502267,0.65332803,0.08830536,current
2018-09-01,1,0.49241002,0.49591256,0.00350254,current
2018-09-01,3,0.47834891,0.49491784,0.01656893,current
2018-09-01,6,0.47500261,0.50061117,0.02560856,current
2018-09-01,12,0.50400898,0.53134293,0.02733395,current
2018-09-01,24,0.57832854,0.62503618,0.04670763,current
2018-10-01,1,0.48558148,0.48827857,0.00269708,current
2018-10-01,3,0.47793253,0.48422996,0.00629742,current
2018-10-01,6,0.47355164,0.48641968,0.01286804,current
2018-10-01,12,0.51259685,0.51395575,0.00135891,current
2018-10-01,24,0.59430082,0.60235562,0.00805480,current
2018-11-01,1,0.47834891,0.48047582,0.00212690,current
2018-11-01,3,0.47727242,0.47484269,-0.00242973,current
2018-11-01,6,0.47467156,0.47513666,0.00046510,current
2018-11-01,12,0.51804218,0.50114030,-0.01690188,current
2018-11-01,24,0.60914826,0.58550627,-0.02364199,current
2018-12-01,1,0.47793253,0.47297076,-0.00496178,current
2018-12-01,3,0.47500261,0.46669827,-0.00830434,current
2018-12-01,6,0.47866051,0.46624535,-0.01241516,current
2018-12-01,12,0.52148387,0.49158403,-0.02989984,current
2018-12-01,24,0.62569855,0.57328350,-0.05241505,current
2019-01-01,1,0.47727242,0.47849707,0.00122465,current
2019-01-01,3,0.47355164,0.48228085,0.00872921,current
2019-01-01,6,0.48673744,0.49379816,0.00706072,current
2019-01-01,12,0.52646387,0.53267236,0.00620849,current
2019-01-01,24,0.64653105,0.62565576,-0.02087528,current
2019-02-01,1,0.47500261,0.47771110,0.00270849,current
2019-02-01,3,0.47467156,0.48118991,0.00651836,current
2019-02-01,6,0.49533262,0.49354155,-0.00179107,current
2019-02-01,12,0.53229493,0.53123776,-0.00105717,current
2019-02-01,24,0.66917603,0.62323156,-0.04594446,current
2019-03-01,1,0.47355164,0.47396899,0.00041735,current
2019-03-01,3,0.47866051,0.47518677,-0.00347374,current
2019-03-01,6,0.50400898,0.48602027,-0.01798871,current
2019-03-01,12,0.53055597,0.51980211,-0.01075386,current
2019-03-01,24,0.69323460,0.60809708,-0.08513753,current
2019-04-01,1,0.47467156,0.47325145,-0.00142011,current
2019-04-01,3,0.48673744,0.47640020,-0.01033723,current
2019-04-01,6,0.51259685,0.48887214,-0.02372471,current
2019-04-01,12,0.52792367,0.52384383,-0.00407985,current
2019-04-01,24,0.71455219,0.61176778,-0.10278441,current
2019-05-01,1,0.47866051,0.47674857,-0.00191195,current
2019-05-01,3,0.49533262,0.48463105,-0.01070157,current
2019-05-01,6,0.51804218,0.50110026,-0.01694192,current
2019-05-01,12,0.53341237,0.54075640,0.00734404,current
2019-05-01,24,0.73045713,0.63185855,-0.09859858,current
2019-06-01,1,0.48673744,0.48376192,-0.00297552,current
2019-06-01,3,0.50400898,0.49610045,-0.00790852,current
2019-06-01,6,0.52148387,0.51648047,-0.00500341,current
2019-06-01,12,0.54200772,0.56153934,0.01953162,current
2019-06-01,24,0.74488340,0.65604273,-0.08884067,current
2019-07-01,1,0.49533262,0.49528080,-0.00005182,current
2019-07-01,3,0.51259685,0.51257610,-0.00002075,current
2019-07-01,6,0.52646387,0.53792138,0.01145751,current
2019-07-01,12,0.55282812,0.58954296,0.03671483,current
2019-07-01,24,0.76111673,0.68949943,-0.07161730,current
2019-08-01,1,0.50400898,0.50405855,0.00004957,current
2019-08-01,3,0.51804218,0.52136182,0.00331964,current
2019-08-01,6,0.53229493,0.54625157,0.01395664,current
2019-08-01,12,0.56502267,0.59847045,0.03344778,current
2019-08-01,24,0.78077352,0.69825260,-0.08252091,current
2019-09-01,1,0.51259685,0.51262006,0.00002321,current
2019-09-01,3,0.52148387,0.52965255,0.00816868,current
2019-09-01,6,0.53055597,0.55436832,0.02381236,current
2019-09-01,12,0.57832854,0.60648725,0.02815870,current
2019-09-01,24,0.80541979,0.70616152,-0.09925827,current
2019-10-01,1,0.51804218,0.52118826,0.00314608,current
2019-10-01,3,0.52646387,0.53788254,0.01141867,current
2019-10-01,6,0.52792367,0.56309052,0.03516684,current
2019-10-01,12,0.59430082,0.61465217,0.02035135,current
2019-10-01,24,0.82574991,0.71431183,-0.11143808,current
2019-11-01,1,0.52148387,0.52371310,0.00222923,current
2019-11-01,3,0.53229493,0.53559996,0.00330503,current
2019-11-01,6,0.53341237,0.55666901,0.02325664,current
2019-11-01,12,0.60914826,0.60183239,-0.00731587,current
2019-11-01,24,0.84096612,0.69595811,-0.14500800,current
2019-12-01,1,0.52646387,0.52545026,-0.00101361,current
2019-12-01,3,0.53055597,0.53470136,0.00414539,current
2019-12-01,6,0.54200772,0.55335880,0.01135108,current
2019-12-01,12,0.62569855,0.59393641,-0.03176214,current
2019-12-01,24,0.84936209,0.68374084,-0.16562125,current
2020-01-01,1,0.53229493,0.53163427,-0.00066065,current
2020-01-01,3,0.52792367,0.54400639,0.01608272,current
2020-01-01,6,0.55282812,0.56511669,0.01228857,current
2020-01-01,12,0.64653105,0.60884810,-0.03768294,current
2020-01-01,24,0.86097655,0.70233449,-0.15864206,current
2020-02-01,1,0.53055597,0.53865896,0.00810299,current
2020-02-01,3,0.53341237,0.55299958,0.01958722,current
2020-02-01,6,0.56502267,0.57545917,0.01043649,current
2020-02-01,12,0.66917603,0.62066882,-0.04850720,current
2020-02-01,24,0.87200377,0.71535049,-0.15665328,current
2020-03-01,1,0.52792367,0.53058714,0.00266347,current
2020-03-01,3,0.54200772,0.53394362,-0.00806410,current
2020-03-01,6,0.57832854,0.54354669,-0.03478185,current
2020-03-01,12,0.69323460,0.57402973,-0.11920487,current
2020-03-01,24,0.87649648,0.65440580,-0.22209068,current
2020-04-01,1,0.53341237,0.52668030,-0.00673207,current
2020-04-01,3,0.55282812,0.52765867,-0.02516946,current
2020-04-01,6,0.59430082,0.53443735,-0.05986347,current
2020-04-01,12,0.71455219,0.56141953,-0.15313266,current
2020-04-01,24,0.87709735,0.63774448,-0.23935287,current
2020-05-01,1,0.54200772,0.53948737,-0.00252035,current
2020-05-01,3,0.56502267,0.55168606,-0.01333661,current
2020-05-01,6,0.60914826,0.57089840,-0.03824987,current
2020-05-01,12,0.73045713,0.61291631,-0.11754082,current
2020-05-01,24,0.87185034,0.70219470,-0.16965565,current
2020-06-01,1,0.55282812,0.55015017,-0.00267795,current
2020-06-01,3,0.57832854,0.56613393,-0.01219461,current
2020-06-01,6,0.62569855,0.58970735,-0.03599120,current
2020-06-01,12,0.74488340,0.63675787,-0.10812553,current
2020-06-01,24,0.86550995,0.72954908,-0.13596087,current
2020-07-01,1,0.56502267,0.56328778,-0.00173489,current
2020-07-01,3,0.59430082,0.58277119,-0.01152963,current
2020-07-01,6,0.64653105,0.61038800,-0.03614305,current
2020-07-01,12,0.76111673,0.66219101,-0.09892572,current
2020-07-01,24,0.85882234,0.75703252,-0.10178982,current
2020-08-01,1,0.57832854,0.57639691,-0.00193163,current
2020-08-01,3,0.60914826,0.59787108,-0.01127719,current
2020-08-01,6,0.66917603,0.62764940,-0.04152662,current
2020-08-01,12,0.78077352,0.68207627,-0.09869725,current
2020-08-01,24,0.85498390,0.77548066,-0.07950324,current
2020-09-01,1,0.59430082,0.59093823,-0.00336259,current
2020-09-01,3,0.62569855,0.61441916,-0.01127939,current
2020-09-01,6,0.69323460,0.64641381,-0.04682079,current
2020-09-01,12,0.80541979,0.70358453,-0.10183526,current
2020-09-01,24,0.85304514,0.79433791,-0.05870722,current
2020-10-01,1,0.60914826,0.60925481,0.00010655,current
2020-10-01,3,0.64653105,0.63665368,-0.00987737,current
2020-10-01,6,0.71455219,0.67306540,-0.04148679,current
2020-10-01,12,0.82574991,0.73587589,-0.08987402,current
2020-10-01,24,0.85274352,0.82603504,-0.02670848,current
2020-11-01,1,0.62569855,0.62313472,-0.00256383,current
2020-11-01,3,0.66917603,0.64898510,-0.02019093,current
2020-11-01,6,0.73045713,0.68379343,-0.04666370,current
2020-11-01,12,0.84096612,0.74492373,-0.09604238,current
2020-11-01,24,0.85231332,0.82745742,-0.02485590,current
2020-12-01,1,0.64653105,0.64120210,-0.00532895,current
2020-12-01,3,0.69323460,0.66961897,-0.02361563,current
2020-12-01,6,0.74488340,0.70737592,-0.03750748,current
2020-12-01,12,0.84936209,0.77237436,-0.07698773,current
2020-12-01,24,0.85285025,0.85219997,-0.00065028,current
2021-01-01,1,0.66917603,0.66586316,-0.00331287,current
2021-01-01,3,0.71455219,0.70078263,-0.01376956,current
2021-01-01,6,0.76111673,0.74603471,-0.01508202,current
2021-01-01,12,0.86097655,0.82080291,-0.04017364,current
2021-01-01,24,0.85624743,0.90326032,0.04701290,current
2021-02-01,1,0.69323460,0.69019286,-0.00304174,current
2021-02-01,3,0.73045713,0.72813163,-0.00232550,current
2021-02-01,6,0.78077352,0.77715808,-0.00361544,current
2021-02-01,12,0.87200377,0.85746225,-0.01454152,current
2021-02-01,24,0.86057885,0.93919190,0.07861305,current
2021-03-01,1,0.71455219,0.71559996,0.00104777,current
2021-03-01,3,0.74488340,0.75603930,0.01115589,current
2021-03-01,6,0.80541979,0.80834503,0.00292524,current
2021-03-01,12,0.87649648,0.89377018,0.01727370,current
2021-03-01,24,0.86467680,0.97399940,0.10932260,current
2021-04-01,1,0.73045713,0.73447986,0.00402274,current
2021-04-01,3,0.76111673,0.77081843,0.00970170,current
2021-04-01,6,0.82574991,0.81849754,-0.00725237,current
2021-04-01,12,0.87709735,0.89823870,0.02114134,current
2021-04-01,24,0.87079384,0.96706501,0.09627118,current
2021-05-01,1,0.74488340,0.74555353,0.00067013,current
2021-05-01,3,0.78077352,0.77371508,-0.00705843,current
2021-05-01,6,0.84096612,0.81205407,-0.02891204,current
2021-05-01,12,0.87185034,0.87976788,0.00791753,current
2021-05-01,24,0.87966327,0.93285912,0.05319585,current
2021-06-01,1,0.76111673,0.75868004,-0.00243668,current
2021-06-01,3,0.80541979,0.78469213,-0.02072766,current
2021-06-01,6,0.84936209,0.82067355,-0.02868854,current
2021-06-01,12,0.86550995,0.88449176,0.01898181,current
2021-06-01,24,0.88797530,0.92930636,0.04133105,current
2021-07-01,1,0.78077352,0.77652847,-0.00424505,current
2021-07-01,3,0.82574991,0.80528351,-0.02046640,current
2021-07-01,6,0.86097655,0.84442892,-0.01654763,current
2021-07-01,12,0.85882234,0.90972221,0.05089987,current
2021-07-01,24,0.89563059,0.95266548,0.05703489,current
2021-08-01,1,0.80541979,0.79925897,-0.00616082,current
2021-08-01,3,0.84096612,0.83326559,-0.00770052,current
2021-08-01,6,0.87200377,0.87851790,0.00651413,current
2021-08-01,12,0.85498390,0.94732724,0.09234334,current
2021-08-01,24,0.90277372,0.99226021,0.08948649,current
2021-09-01,1,0.82574991,0.82845297,0.00270306,current
2021-09-01,3,0.84936209,0.87039572,0.02103363,current
2021-09-01,6,0.87649648,0.92518106,0.04868458,current
2021-09-01,12,0.85304514,1.00068025,0.14763511,current
2021-09-01,24,0.90967070,1.05299612,0.14332543,current
2021-10-01,1,0.84096612,0.84489602,0.00392990,current
2021-10-01,3,0.86097655,0.88017741,0.01920086,current
2021-10-01,6,0.87709735,0.92721011,0.05011275,current
2021-10-01,12,0.85274352,0.98574023,0.13299671,current
2021-10-01,24,0.91747298,1.03025193,0.11277895,current
2021-11-01,1,0.84936209,0.85554106,0.00617898,current
2021-11-01,3,0.87200377,0.88306959,0.01106583,current
2021-11-01,6,0.87185034,0.92100871,0.04915837,current
2021-11-01,12,0.85231332,0.96168572,0.10937240,current
2021-11-01,24,0.92298088,0.99882519,0.07584431,current
2021-12-01,1,0.86097655,0.85789504,-0.00308152,current
2021-12-01,3,0.87649648,0.87530548,-0.00119100,current
2021-12-01,6,0.86550995,0.90073813,0.03522817,current
2021-12-01,12,0.85285025,0.92216848,0.06931823,current
2021-12-01,24,0.92932132,0.95095049,0.02162916,current
2022-01-01,1,0.87200377,0.87235402,0.00035026,current
2022-01-01,3,0.87709735,0.89451290,0.01741555,current
2022-01-01,6,0.85882234,0.92275182,0.06392948,current
2022-01-01,12,0.85624743,0.94719298,0.09094556,current
2022-01-01,24,0.93704800,0.98001259,0.04296459,current
2022-02-01,1,0.87649648,0.88286373,0.00636725,current
2022-02-01,3,0.87185034,0.90396008,0.03210974,current
2022-02-01,6,0.85498390,0.92693987,0.07195597,current
2022-02-01,12,0.86057885,0.94715184,0.08657299,current
2022-02-01,24,0.94679424,0.97699708,0.03020284,current
2022-03-01,1,0.87709735,0.88159128,0.00449392,current
2022-03-01,3,0.86550995,0.89197092,0.02646097,current
2022-03-01,6,0.85304514,0.89974769,0.04670255,current
2022-03-01,12,0.86467680,0.90736530,0.04268850,current
2022-03-01,24,0.95680610,0.93014949,-0.02665661,current
2022-04-01,1,0.87185034,0.87855655,0.00670620,current
2022-04-01,3,0.85882234,0.88085469,0.02203234,current
2022-04-01,6,0.85274352,0.87835803,0.02561451,current
2022-04-01,12,0.87079384,0.87936602,0.00857219,current
2022-04-01,24,0.96456606,0.89794488,-0.06662118,current
2022-05-01,1,0.86550995,0.86723937,0.00172942,current
2022-05-01,3,0.85498390,0.85747355,0.00248965,current
2022-05-01,6,0.85231332,0.84200733,-0.01030599,current
2022-05-01,12,0.87966327,0.83117594,-0.04848732,current
2022-05-01,24,0.97144097,0.84126507,-0.13017590,current
2022-06-01,1,0.85882234,0.85916958,0.00034724,current
2022-06-01,3,0.85304514,0.84546965,-0.00757549,current
2022-06-01,6,0.85285025,0.82778208,-0.02506817,current
2022-06-01,12,0.88797530,0.81483343,-0.07314187,current
2022-06-01,24,0.97509388,0.82272629,-0.15236759,current
2022-07-01,1,0.85498390,0.85176585,-0.00321805,current
2022-07-01,3,0.85274352,0.83725180,-0.01549172,current
2022-07-01,6,0.85624743,0.82169184,-0.03455559,current
2022-07-01,12,0.89563059,0.81005362,-0.08557698,current
2022-07-01,24,0.98091551,0.82014263,-0.16077287,current
2022-08-01,1,0.85304514,0.85062399,-0.00242114,current
2022-08-01,3,0.85231332,0.84247341,-0.00983991,current
2022-08-01,6,0.86057885,0.83622792,-0.02435093,current
2022-08-01,12,0.90277372,0.83377232,-0.06900140,current
2022-08-01,24,0.98556277,0.85173410,-0.13382868,current
2022-09-01,1,0.85274352,0.85092889,-0.00181463,current
2022-09-01,3,0.85285025,0.84813186,-0.00471839,current
2022-09-01,6,0.86467680,0.84858932,-0.01608748,current
2022-09-01,12,0.90967070,0.85344639,-0.05622431,current
2022-09-01,24,0.99122829,0.87845659,-0.11277170,current
2022-10-01,1,0.85231332,0.85274040,0.00042708,current
2022-10-01,3,0.85624743,0.85415989,-0.00208754,current
2022-10-01,6,0.87079384,0.85880145,-0.01199239,current
2022-10-01,12,0.91747298,0.86858582,-0.04888717,current
2022-10-01,24,0.99539670,0.89749391,-0.09790279,current
2014-01-01,1,0.29932752,0.29936735,0.00003983,simplified
2014-01-01,3,0.30950206,0.31425384,0.00475178,simplified
2014-01-01,6,0.31573019,0.33839100,0.02266081,simplified
2014-01-01,12,0.34354346,0.39021706,0.04667360,simplified
2014-01-01,24,0.38850514,0.50858229,0.12007715,simplified
2014-02-01,1,0.30434032,0.30658624,0.00224592,simplified
2014-02-01,3,0.31264834,0.32196909,0.00932074,simplified
2014-02-01,6,0.32008523,0.34658414,0.02649891,simplified
2014-02-01,12,0.34944268,0.39941136,0.04996868,simplified
2014-02-01,24,0.38671824,0.51800361,0.13128537,simplified
2014-03-01,1,0.30950206,0.30999661,0.00049455,simplified
2014-03-01,3,0.31363645,0.32284577,0.00920932,simplified
2014-03-01,6,0.32510137,0.34486111,0.01975974,simplified
2014-03-01,12,0.35907919,0.39542120,0.03634201,simplified
2014-03-01,24,0.38629025,0.51159839,0.12530814,simplified
2014-04-01,1,0.31264834,0.31527731,0.00262896,simplified
2014-04-01,3,0.31573019,0.32829366,0.01256347,simplified
2014-04-01,6,0.33149686,0.35043579,0.01893893,simplified
2014-04-01,12,0.36686614,0.40156486,0.03469872,simplified
2014-04-01,24,0.38835031,0.51750649,0.12915618,simplified
2014-05-01,1,0.31363645,0.31669761,0.00306116,simplified
2014-05-01,3,0.32008523,0.32695954,0.00687431,simplified
2014-05-01,6,0.33557283,0.34623113,0.01065830,simplified
2014-05-01,12,0.37519541,0.39512257,0.01992717,simplified
2014-05-01,24,0.39148216,0.50825063,0.11676847,simplified
2014-06-01,1,0.31573019,0.31581890,0.00008871,simplified
2014-06-01,3,0.32510137,0.32305839,-0.00204298,simplified
2014-06-01,6,0.33791680,0.33910589,0.00118909,simplified
2014-06-01,12,0.37954028,0.38518232,0.00564204,simplified
2014-06-01,24,0.39565834,0.49485205,0.09919371,simplified
2014-07-01,1,0.32008523,0.31884686,-0.00123837,simplified
2014-07-01,3,0.33149686,0.32754279,-0.00395406,simplified
2014-07-01,6,0.34354346,0.34503271,0.00148926,simplified
2014-07-01,12,0.38475687,0.39349648,0.00873962,simplified
2014-07-01,24,0.40067696,0.50399367,0.10331672,simplified
2014-08-01,1,0.32510137,0.32513025,0.00002888,simplified
2014-08-01,3,0.33557283,0.33687794,0.00130511,simplified
2014-08-01,6,0.34944268,0.35802384,0.00858116,simplified
2014-08-01,12,0.39139179,0.41022179,0.01883000,simplified
2014-08-01,24,0.40869943,0.52345130,0.11475187,simplified
2014-09-01,1,0.33149686,0.33070435,-0.00079251,simplified
2014-09-01,3,0.33791680,0.34332026,0.00540346,simplified
2014-09-01,6,0.35907919,0.36586290,0.00678371,simplified
2014-09-01,12,0.39498944,0.41931703,0.02432759,simplified
2014-09-01,24,0.41560303,0.53335002,0.11774700,simplified
2014-10-01,1,0.33557283,0.33827463,0.00270180,simplified
2014-10-01,3,0.34354346,0.35274798,0.00920453,simplified
2014-10-01,6,0.36686614,0.37774459,0.01087845,simplified
2014-10-01,12,0.39611157,0.43370249,0.03759091,simplified
2014-10-01,24,0.42260952,0.54975906,0.12714954,simplified
2014-11-01,1,0.33791680,0.34036851,0.00245171,simplified
2014-11-01,3,0.34944268,0.35222677,0.00278408,simplified
2014-11-01,6,0.37519541,0.37437152,-0.00082388,simplified
2014-11-01,12,0.39326284,0.42633015,0.03306731,simplified
2014-11-01,24,0.43075407,0.54007792,0.10932385,simplified
2014-12-01,1,0.34354346,0.34121850,-0.00232495,simplified
2014-12-01,3,0.35907919,0.35118542,-0.00789377,simplified
2014-12-01,6,0.37954028,0.37116792,-0.00837235,simplified
2014-12-01,12,0.38902928,0.41977275,0.03074347,simplified
2014-12-01,24,0.43545882,0.53146738,0.09600855,simplified
2015-01-01,1,0.34944268,0.35018430,0.00074162,simplified
2015-01-01,3,0.36686614,0.36461633,-0.00224980,simplified
2015-01-01,6,0.38475687,0.38965418,0.00489731,simplified
2015-01-01,12,0.38850514,0.44279150,0.05428636,simplified
2015-01-01,24,0.44505312,0.55886180,0.11380868,simplified
2015-02-01,1,0.35907919,0.35584955,-0.00322964,simplified
2015-02-01,3,0.37519541,0.37031028,-0.00488512,simplified
2015-02-01,6,0.39139179,0.39486127,0.00346947,simplified
2015-02-01,12,0.38671824,0.44695930,0.06024106,simplified
2015-02-01,24,0.45379404,0.56272197,0.10892793,simplified
2015-03-01,1,0.36686614,0.36867020,0.00180407,simplified
2015-03-01,3,0.37954028,0.38861643,0.00907615,simplified
2015-03-01,6,0.39498944,0.41836065,0.02337120,simplified
2015-03-01,12,0.38629025,0.47564935,0.08935910,simplified
2015-03-01,24,0.46120904,0.59658531,0.13537627,simplified
2015-04-01,1,0.37519541,0.37531352,0.00011812,simplified
2015-04-01,3,0.38475687,0.39277934,0.00802247,simplified
2015-04-01,6,0.39611157,0.41993561,0.02382404,simplified
2015-04-01,12,0.38835031,0.47412610,0.08577580,simplified
2015-04-01,24,0.46653725,0.59348168,0.12694443,simplified
2015-05-01,1,0.37954028,0.38373542,0.00419514,simplified
2015-05-01,3,0.39139179,0.40134130,0.00994951,simplified
2015-05-01,6,0.39326284,0.42827851,0.03501567,simplified
2015-05-01,12,0.39148216,0.48306107,0.09157891,simplified
2015-05-01,24,0.47096049,0.60258543,0.13162494,simplified
2015-06-01,1,0.38475687,0.38469783,-0.00005904,simplified
2015-06-01,3,0.39498944,0.39687751,0.00188807,simplified
2015-06-01,6,0.38902928,0.41789971,0.02887043,simplified
2015-06-01,12,0.39565834,0.46707793,0.07141959,simplified
2015-06-01,24,0.47367931,0.58160371,0.10792440,simplified
2015-07-01,1,0.39139179,0.39061423,-0.00077757,simplified
2015-07-01,3,0.39611157,0.40391518,0.00780361,simplified
2015-07-01,6,0.38850514,0.42571070,0.03720556,simplified
2015-07-01,12,0.40067696,0.47643645,0.07575949,simplified
2015-07-01,24,0.47979225,0.59182966,0.11203741,simplified
2015-08-01,1,0.39498944,0.39847158,0.00348213,simplified
2015-08-01,3,0.39326284,0.41335994,0.02009710,simplified
2015-08-01,6,0.38671824,0.43710245,0.05038421,simplified
2015-08-01,12,0.40869943,0.49058818,0.08188875,simplified
2015-08-01,24,0.48513009,0.60749107,0.12236097,simplified
2015-09-01,1,0.39611157,0.39946731,0.00335574,simplified
2015-09-01,3,0.38902928,0.40988233,0.02085305,simplified
2015-09-01,6,0.38629025,0.42932156,0.04303131,simplified
2015-09-01,12,0.41560303,0.47869115,0.06308812,simplified
2015-09-01,24,0.48960593,0.59134324,0.10173731,simplified
2015-10-01,1,0.39326284,0.39812473,0.00486189,simplified
2015-10-01,3,0.38850514,0.40507523,0.01657009,simplified
2015-10-01,6,0.38835031,0.42080707,0.03245676,simplified
2015-10-01,12,0.42260952,0.46648838,0.04387885,simplified
2015-10-01,24,0.49307124,0.57503863,0.08196739,simplified
2015-11-01,1,0.38902928,0.39208381,0.00305453,simplified
2015-11-01,3,0.38671824,0.39379495,0.00707671,simplified
2015-11-01,6,0.39148216,0.40428464,0.01280248,simplified
2015-11-01,12,0.43075407,0.44353707,0.01278300,simplified
2015-11-01,24,0.49300666,0.54649426,0.05348760,simplified
2015-12-01,1,0.38850514,0.38657957,-0.00192558,simplified
2015-12-01,3,0.38629025,0.38606073,-0.00022952,simplified
2015-12-01,6,0.39565834,0.39429016,-0.00136818,simplified
2015-12-01,12,0.43545882,0.43003259,-0.00542624,simplified
2015-12-01,24,0.49440740,0.52894620,0.03453879,simplified
2016-01-01,1,0.38671824,0.38928284,0.00256460,simplified
2016-01-01,3,0.38835031,0.39401774,0.00566743,simplified
2016-01-01,6,0.40067696,0.40828607,0.00760911,simplified
2016-01-01,12,0.44505312,0.45048064,0.00542752,simplified
2016-01-01,24,0.49905789,0.55375412,0.05469623,simplified
2016-02-01,1,0.38629025,0.38636223,0.00007198,simplified
2016-02-01,3,0.39148216,0.38958568,-0.00189648,simplified
2016-02-01,6,0.40869943,0.40180656,-0.00689287,simplified
2016-02-01,12,0.45379404,0.44095361,-0.01284043,simplified
2016-02-01,24,0.50284941,0.54094592,0.03809650,simplified
2016-03-01,1,0.38835031,0.38710864,-0.00124167,simplified
2016-03-01,3,0.39565834,0.39266522,-0.00299312,simplified
2016-03-01,6,0.41560303,0.40714598,-0.00845704,simplified
2016-03-01,12,0.46120904,0.44854758,-0.01266146,simplified
2016-03-01,24,0.50519743,0.55050374,0.04530630,simplified
2016-04-01,1,0.39148216,0.39175872,0.00027656,simplified
2016-04-01,3,0.40067696,0.40081266,0.00013570,simplified
2016-04-01,6,0.42260952,0.41923927,-0.00337025,simplified
2016-04-01,12,0.46653725,0.46472023,-0.00181702,simplified
2016-04-01,24,0.50444613,0.56979637,0.06535024,simplified
2016-05-01,1,0.39565834,0.39543215,-0.00022619,simplified
2016-05-01,3,0.40869943,0.40556991,-0.00312952,simplified
2016-05-01,6,0.43075407,0.42483622,-0.00591785,simplified
2016-05-01,12,0.47096049,0.47104013,0.00007964,simplified
2016-05-01,24,0.50387910,0.57642853,0.07254943,simplified
2016-06-01,1,0.40067696,0.40050616,-0.00017079,simplified
2016-06-01,3,0.41560303,0.41231548,-0.00328754,simplified
2016-06-01,6,0.43545882,0.43307089,-0.00238793,simplified
2016-06-01,12,0.47367931,0.48089908,0.00721977,simplified
2016-06-01,24,0.50229038,0.58728725,0.08499687,simplified
2016-07-01,1,0.40869943,0.40648364,-0.00221579,simplified
2016-07-01,3,0.42260952,0.41945024,-0.00315929,simplified
2016-07-01,6,0.44505312,0.44140259,-0.00365053,simplified
2016-07-01,12,0.47979225,0.49056138,0.01076913,simplified
2016-07-01,24,0.50206064,0.59773157,0.09567094,simplified
2016-08-01,1,0.41560303,0.41690174,0.00129871,simplified
2016-08-01,3,0.43075407,0.43374569,0.00299162,simplified
2016-08-01,6,0.45379404,0.45982205,0.00602801,simplified
2016-08-01,12,0.48513009,0.51374328,0.02861319,simplified
2016-08-01,24,0.50178596,0.62488491,0.12309895,simplified
2016-09-01,1,0.42260952,0.42283690,0.00022738,simplified
2016-09-01,3,0.43545882,0.43811172,0.00265290,simplified
2016-09-01,6,0.46120904,0.46247639,0.00126735,simplified
2016-09-01,12,0.48960593,0.51457755,0.02497162,simplified
2016-09-01,24,0.49819390,0.62383163,0.12563773,simplified
2016-10-01,1,0.43075407,0.42992949,-0.00082458,simplified
2016-10-01,3,0.44505312,0.44533546,0.00028234,simplified
2016-10-01,6,0.46653725,0.46978464,0.00324739,simplified
2016-10-01,12,0.49307124,0.52207984,0.02900860,simplified
2016-10-01,24,0.49241002,0.63104384,0.13863382,simplified
2016-11-01,1,0.43545882,0.43905483,0.00359601,simplified
2016-11-01,3,0.45379404,0.45603793,0.00224390,simplified
2016-11-01,6,0.47096049,0.48208709,0.01112660,simplified
2016-11-01,12,0.49300666,0.53633978,0.04333312,simplified
2016-11-01,24,0.48558148,0.64649061,0.16090913,simplified
2016-12-01,1,0.44505312,0.44078640,-0.00426673,simplified
2016-12-01,3,0.46120904,0.45292789,-0.00828115,simplified
2016-12-01,6,0.47367931,0.47396726,0.00028795,simplified
2016-12-01,12,0.49440740,0.52242469,0.02801728,simplified
2016-12-01,24,0.47834891,0.62741473,0.14906582,simplified
2017-01-01,1,0.45379404,0.45459817,0.00080413,simplified
2017-01-01,3,0.46653725,0.47349404,0.00695678,simplified
2017-01-01,6,0.47979225,0.50180326,0.02201101,simplified
2017-01-01,12,0.49905789,0.55826211,0.05920422,simplified
2017-01-01,24,0.47793253,0.66938619,0.19145366,simplified
2017-02-01,1,0.46120904,0.46256728,0.00135824,simplified
2017-02-01,3,0.47096049,0.48026381,0.00930332,simplified
2017-02-01,6,0.48513009,0.50745884,0.02232874,simplified
2017-02-01,12,0.50284941,0.56252687,0.05967746,simplified
2017-02-01,24,0.47727242,0.67223421,0.19496179,simplified
2017-03-01,1,0.46653725,0.46887174,0.00233448,simplified
2017-03-01,3,0.47367931,0.48487318,0.01119387,simplified
2017-03-01,6,0.48960593,0.51020127,0.02059534,simplified
2017-03-01,12,0.50519743,0.56315272,0.05795529,simplified
2017-03-01,24,0.47500261,0.67082936,0.19582675,simplified
2017-04-01,1,0.47096049,0.47238157,0.00142108,simplified
2017-04-01,3,0.47979225,0.48560340,0.00581115,simplified
2017-04-01,6,0.49307124,0.50785321,0.01478197,simplified
2017-04-01,12,0.50444613,0.55731490,0.05286877,simplified
2017-04-01,24,0.47355164,0.66176109,0.18820945,simplified
2017-05-01,1,0.47367931,0.47614009,0.00246078,simplified
2017-05-01,3,0.48513009,0.48812058,0.00299048,simplified
2017-05-01,6,0.49300666,0.50900890,0.01600224,simplified
2017-05-01,12,0.50387910,0.55685563,0.05297654,simplified
2017-05-01,24,0.47467156,0.65951363,0.18484207,simplified
2017-06-01,1,0.47979225,0.47730060,-0.00249165,simplified
2017-06-01,3,0.48960593,0.48670600,-0.00289993,simplified
2017-06-01,6,0.49440740,0.50480399,0.01039658,simplified
2017-06-01,12,0.50229038,0.54934144,0.04705105,simplified
2017-06-01,24,0.47866051,0.64905534,0.17039483,simplified
2017-07-01,1,0.48513009,0.48632785,0.00119775,simplified
2017-07-01,3,0.49307124,0.50042852,0.00735728,simplified
2017-07-01,6,0.49905789,0.52347027,0.02441237,simplified
2017-07-01,12,0.50206064,0.57347613,0.07141549,simplified
2017-07-01,24,0.48673744,0.67783204,0.19109460,simplified
2017-08-01,1,0.48960593,0.49099343,0.00138750,simplified
2017-08-01,3,0.49300666,0.50400077,0.01099410,simplified
2017-08-01,6,0.50284941,0.52586560,0.02301619,simplified
2017-08-01,12,0.50178596,0.57448490,0.07269894,simplified
2017-08-01,24,0.49533262,0.67802812,0.18269550,simplified
2017-09-01,1,0.49307124,0.49472012,0.00164888,simplified
2017-09-01,3,0.49440740,0.50650544,0.01209804,simplified
2017-09-01,6,0.50519743,0.52704839,0.02185095,simplified
2017-09-01,12,0.49819390,0.57394269,0.07574879,simplified
2017-09-01,24,0.50400898,0.67662871,0.17261974,simplified
2017-10-01,1,0.49300666,0.49730518,0.00429851,simplified
2017-10-01,3,0.49905789,0.50764995,0.00859206,simplified
2017-10-01,6,0.50444613,0.52662692,0.02218079,simplified
2017-10-01,12,0.49241002,0.57144762,0.07903760,simplified
2017-10-01,24,0.51259685,0.67325585,0.16065901,simplified
2017-11-01,1,0.49440740,0.49416672,-0.00024068,simplified
2017-11-01,3,0.50284941,0.49948933,-0.00336008,simplified
2017-11-01,6,0.50387910,0.51304050,0.00916141,simplified
2017-11-01,12,0.48558148,0.55134543,0.06576395,simplified
2017-11-01,24,0.51804218,0.64846679,0.13042461,simplified
2017-12-01,1,0.49905789,0.49682880,-0.00222909,simplified
2017-12-01,3,0.50519743,0.50417241,-0.00102503,simplified
2017-12-01,6,0.50229038,0.51982068,0.01753029,simplified
2017-12-01,12,0.47834891,0.56013473,0.08178581,simplified
2017-12-01,24,0.52148387,0.65948074,0.13799687,simplified
2018-01-01,1,0.50284941,0.50429127,0.00144186,simplified
2018-01-01,3,0.50444613,0.51618180,0.01173566,simplified
2018-01-01,6,0.50206064,0.53664314,0.03458250,simplified
2018-01-01,12,0.47793253,0.58204599,0.10411346,simplified
2018-01-01,24,0.52646387,0.68646631,0.16000244,simplified
2018-02-01,1,0.50519743,0.50733457,0.00213714,simplified
2018-02-01,3,0.50387910,0.51800068,0.01412158,simplified
2018-02-01,6,0.50178596,0.53713110,0.03534514,simplified
2018-02-01,12,0.47727242,0.58070702,0.10343460,simplified
2018-02-01,24,0.53229493,0.68450410,0.15220917,simplified
2018-03-01,1,0.50444613,0.50842454,0.00397841,simplified
2018-03-01,3,0.50229038,0.51703150,0.01474112,simplified
2018-03-01,6,0.49819390,0.53378020,0.03558629,simplified
2018-03-01,12,0.47500261,0.57463227,0.09962966,simplified
2018-03-01,24,0.53055597,0.67729217,0.14673620,simplified
2018-04-01,1,0.50387910,0.50496278,0.00108368,simplified
2018-04-01,3,0.50206064,0.50911403,0.00705339,simplified
2018-04-01,6,0.49241002,0.52081688,0.02840686,simplified
2018-04-01,12,0.47355164,0.55590326,0.08235162,simplified
2018-04-01,24,0.52792367,0.65457732,0.12665364,simplified
2018-05-01,1,0.50229038,0.50453839,0.00224801,simplified
2018-05-01,3,0.50178596,0.50887718,0.00709122,simplified
2018-05-01,6,0.48558148,0.52050654,0.03492505,simplified
2018-05-01,12,0.47467156,0.55546532,0.08079376,simplified
2018-05-01,24,0.53341237,0.65487833,0.12146596,simplified
2018-06-01,1,0.50206064,0.50203385,-0.00002679,simplified
2018-06-01,3,0.49819390,0.50467404,0.00648014,simplified
2018-06-01,6,0.47834891,0.51446163,0.03611272,simplified
2018-06-01,12,0.47866051,0.54738171,0.06872120,simplified
2018-06-01,24,0.54200772,0.64518290,0.10317518,simplified
2018-07-01,1,0.50178596,0.50298033,0.00119436,simplified
2018-07-01,3,0.49241002,0.50733533,0.01492531,simplified
2018-07-01,6,0.47793253,0.51907440,0.04114187,simplified
2018-07-01,12,0.48673744,0.55481142,0.06807398,simplified
2018-07-01,24,0.55282812,0.65464732,0.10181920,simplified
2018-08-01,1,0.49819390,0.50251379,0.00431989,simplified
2018-08-01,3,0.48558148,0.50669791,0.02111642,simplified
2018-08-01,6,0.47727242,0.51818031,0.04090789,simplified
2018-08-01,12,0.49533262,0.55413729,0.05880467,simplified
2018-08-01,24,0.56502267,0.65375923,0.08873655,simplified
2018-09-01,1,0.49241002,0.49606194,0.00365192,simplified
2018-09-01,3,0.47834891,0.49554356,0.01719465,simplified
2018-09-01,6,0.47500261,0.50172874,0.02672613,simplified
2018-09-01,12,0.50400898,0.53191924,0.02791027,simplified
2018-09-01,24,0.57832854,0.62638924,0.04806070,simplified
2018-10-01,1,0.48558148,0.48833361,0.00275213,simplified
2018-10-01,3,0.47793253,0.48441455,0.00648202,simplified
2018-10-01,6,0.47355164,0.48665732,0.01310568,simplified
2018-10-01,12,0.51259685,0.51246418,-0.00013267,simplified
2018-10-01,24,0.59430082,0.60205456,0.00775374,simplified
2018-11-01,1,0.47834891,0.48052259,0.00217368,simplified
2018-11-01,3,0.47727242,0.47477709,-0.00249533,simplified
2018-11-01,6,0.47467156,0.47476625,0.00009470,simplified
2018-11-01,12,0.51804218,0.49807126,-0.01997092,simplified
2018-11-01,24,0.60914826,0.58420501,-0.02494326,simplified
2018-12-01,1,0.47793253,0.47283544,-0.00509710,simplified
2018-12-01,3,0.47500261,0.46626975,-0.00873286,simplified
2018-12-01,6,0.47866051,0.46540724,-0.01325327,simplified
2018-12-01,12,0.52148387,0.48721737,-0.03426650,simplified
2018-12-01,24,0.62569855,0.57106080,-0.05463775,simplified
2019-01-01,1,0.47727242,0.47853820,0.00126578,simplified
2019-01-01,3,0.47355164,0.48230523,0.00875359,simplified
2019-01-01,6,0.48673744,0.49377544,0.00703800,simplified
2019-01-01,12,0.52646387,0.53020399,0.00374012,simplified
2019-01-01,24,0.64653105,0.62639486,-0.02013619,simplified
2019-02-01,1,0.47500261,0.47765292,0.00265031,simplified
2019-02-01,3,0.47467156,0.48101944,0.00634788,simplified
2019-02-01,6,0.49533262,0.49260247,-0.00273015,simplified
2019-02-01,12,0.53229493,0.52846751,-0.00382741,simplified
2019-02-01,24,0.66917603,0.62403915,-0.04513687,simplified
2019-03-01,1,0.47355164,0.47394545,0.00039381,simplified
2019-03-01,3,0.47866051,0.47518716,-0.00347335,simplified
2019-03-01,6,0.50400898,0.48425411,-0.01975486,simplified
2019-03-01,12,0.53055597,0.51709074,-0.01346523,simplified
2019-03-01,24,0.69323460,0.60903327,-0.08420133,simplified
2019-04-01,1,0.47467156,0.47320758,-0.00146397,simplified
2019-04-01,3,0.48673744,0.47621131,-0.01052612,simplified
2019-04-01,6,0.51259685,0.48669770,-0.02589915,simplified
2019-04-01,12,0.52792367,0.52123605,-0.00668762,simplified
2019-04-01,24,0.71455219,0.61388135,-0.10067084,simplified
2019-05-01,1,0.47866051,0.47690086,-0.00175965,simplified
2019-05-01,3,0.49533262,0.48395365,-0.01137897,simplified
2019-05-01,6,0.51804218,0.49875689,-0.01928529,simplified
2019-05-01,12,0.53341237,0.53849724,0.00508488,simplified
2019-05-01,24,0.73045713,0.63477592,-0.09568121,simplified
2019-06-01,1,0.48673744,0.48344650,-0.00329094,simplified
2019-06-01,3,0.50400898,0.49424684,-0.00976214,simplified
2019-06-01,6,0.52148387,0.51340606,-0.00807781,simplified
2019-06-01,12,0.54200772,0.55857151,0.01656379,simplified
2019-06-01,24,0.74488340,0.65926092,-0.08562248,simplified
2019-07-01,1,0.49533262,0.49485065,-0.00048197,simplified
2019-07-01,3,0.51259685,0.51138258,-0.00121426,simplified
2019-07-01,6,0.52646387,0.53667553,0.01021166,simplified
2019-07-01,12,0.55282812,0.58979229,0.03696416,simplified
2019-07-01,24,0.76111673,0.69752038,-0.06359635,simplified
2019-08-01,1,0.50400898,0.50390043,-0.00010855,simplified
2019-08-01,3,0.51804218,0.52139944,0.00335726,simplified
2019-08-01,6,0.53229493,0.54751760,0.01522267,simplified
2019-08-01,12,0.56502267,0.60205612,0.03703345,simplified
2019-08-01,24,0.78077352,0.71065345,-0.07012007,simplified
2019-09-01,1,0.51259685,0.51286441,0.00026757,simplified
2019-09-01,3,0.52148387,0.53048266,0.00899879,simplified
2019-09-01,6,0.53055597,0.55716576,0.02660979,simplified
2019-09-01,12,0.57832854,0.61187023,0.03354169,simplified
2019-09-01,24,0.80541979,0.72062903,-0.08479076,simplified
2019-10-01,1,0.51804218,0.52118457,0.00314239,simplified
2019-10-01,3,0.52646387,0.53835963,0.01189576,simplified
2019-10-01,6,0.52792367,0.56498284,0.03705917,simplified
2019-10-01,12,0.59430082,0.61908901,0.02478818,simplified
2019-10-01,24,0.82574991,0.72729872,-0.09845119,simplified
2019-11-01,1,0.52148387,0.52387157,0.00238770,simplified
2019-11-01,3,0.53229493,0.53648934,0.00419442,simplified
2019-11-01,6,0.53341237,0.55849222,0.02507986,simplified
2019-11-01,12,0.60914826,0.60653484,-0.00261342,simplified
2019-11-01,24,0.84096612,0.70931410,-0.13165201,simplified
2019-12-01,1,0.52646387,0.52555074,-0.00091313,simplified
2019-12-01,3,0.53055597,0.53565336,0.00509739,simplified
2019-12-01,6,0.54200772,0.55439476,0.01238704,simplified
2019-12-01,12,0.62569855,0.59846732,-0.02723123,simplified
2019-12-01,24,0.84936209,0.69756659,-0.15179549,simplified
2020-01-01,1,0.53229493,0.53187739,-0.00041754,simplified
2020-01-01,3,0.52792367,0.54460712,0.01668345,simplified
2020-01-01,6,0.55282812,0.56576261,0.01293449,simplified
2020-01-01,12,0.64653105,0.61262751,-0.03390353,simplified
2020-01-01,24,0.86097655,0.71390475,-0.14707181,simplified
2020-02-01,1,0.53055597,0.53886378,0.00830781,simplified
2020-02-01,3,0.53341237,0.55281541,0.01940305,simplified
2020-02-01,6,0.56502267,0.57529217,0.01026949,simplified
2020-02-01,12,0.66917603,0.62366716,-0.04550886,simplified
2020-02-01,24,0.87200377,0.72608217,-0.14592159,simplified
2020-03-01,1,0.52792367,0.53007098,0.00214731,simplified
2020-03-01,3,0.54200772,0.53223539,-0.00977233,simplified
2020-03-01,6,0.57832854,0.54146049,-0.03686805,simplified
2020-03-01,12,0.69323460,0.57316118,-0.12007342,simplified
2020-03-01,24,0.87649648,0.65863649,-0.21785999,simplified
2020-04-01,1,0.53341237,0.52660057,-0.00681180,simplified
2020-04-01,3,0.55282812,0.52724556,-0.02558256,simplified
2020-04-01,6,0.59430082,0.53454356,-0.05975726,simplified
2020-04-01,12,0.71455219,0.56337833,-0.15117386,simplified
2020-04-01,24,0.87709735,0.64537288,-0.23172447,simplified
2020-05-01,1,0.54200772,0.53926793,-0.00273979,simplified
2020-05-01,3,0.56502267,0.55188872,-0.01313395,simplified
2020-05-01,6,0.60914826,0.57253468,-0.03661358,simplified
2020-05-01,12,0.73045713,0.61754950,-0.11290762,simplified
2020-05-01,24,0.87185034,0.71324559,-0.15860475,simplified
2020-06-01,1,0.55282812,0.55057430,-0.00225383,simplified
2020-06-01,3,0.57832854,0.56763616,-0.01069239,simplified
2020-06-01,6,0.62569855,0.59309470,-0.03260385,simplified
2020-06-01,12,0.74488340,0.64372085,-0.10116255,simplified
2020-06-01,24,0.86550995,0.74317781,-0.12233214,simplified
2020-07-01,1,0.56502267,0.56333936,-0.00168331,simplified
2020-07-01,3,0.59430082,0.58359532,-0.01070550,simplified
2020-07-01,6,0.64653105,0.61253457,-0.03399648,simplified
2020-07-01,12,0.76111673,0.66727736,-0.09383936,simplified
2020-07-01,24,0.85882234,0.76864675,-0.09017559,simplified
2020-08-01,1,0.57832854,0.57674021,-0.00158833,simplified
2020-08-01,3,0.60914826,0.59899132,-0.01015694,simplified
2020-08-01,6,0.66917603,0.63013286,-0.03904317,simplified
2020-08-01,12,0.78077352,0.68755067,-0.09322285,simplified
2020-08-01,24,0.85498390,0.78894263,-0.06604128,simplified
2020-09-01,1,0.59430082,0.59102696,-0.00327386,simplified
2020-09-01,3,0.62569855,0.61491391,-0.01078464,simplified
2020-09-01,6,0.69323460,0.64788799,-0.04534662,simplified
2020-09-01,12,0.80541979,0.70759601,-0.09782378,simplified
2020-09-01,24,0.85304514,0.80796618,-0.04507895,simplified
2020-10-01,1,0.60914826,0.60935499,0.00020672,simplified
2020-10-01,3,0.64653105,0.63717379,-0.00935726,simplified
2020-10-01,6,0.71455219,0.67454999,-0.04000220,simplified
2020-10-01,12,0.82574991,0.73971472,-0.08603519,simplified
2020-10-01,24,0.85274352,0.84125759,-0.01148593,simplified
2020-11-01,1,0.62569855,0.62322222,-0.00247632,simplified
2020-11-01,3,0.66917603,0.64944129,-0.01973473,simplified
2020-11-01,6,0.73045713,0.68510345,-0.04535367,simplified
2020-11-01,12,0.84096612,0.74835041,-0.09261570,simplified
2020-11-01,24,0.85231332,0.84452913,-0.00778418,simplified
2020-12-01,1,0.64653105,0.64128932,-0.00524173,simplified
2020-12-01,3,0.69323460,0.67007090,-0.02316370,simplified
2020-12-01,6,0.74488340,0.70866113,-0.03622227,simplified
2020-12-01,12,0.84936209,0.77566854,-0.07369355,simplified
2020-12-01,24,0.85285025,0.87059528,0.01774503,simplified
2021-01-01,1,0.66917603,0.66595464,-0.00322139,simplified
2021-01-01,3,0.71455219,0.70125192,-0.01330028,simplified
2021-01-01,6,0.76111673,0.74734711,-0.01376961,simplified
2021-01-01,12,0.86097655,0.82403885,-0.03693770,simplified
2021-01-01,24,0.85624743,0.92230172,0.06605429,simplified
2021-02-01,1,0.69323460,0.69027564,-0.00295896,simplified
2021-02-01,3,0.73045713,0.72855568,-0.00190145,simplified
2021-02-01,6,0.78077352,0.77833958,-0.00243393,simplified
2021-02-01,12,0.87200377,0.86033861,-0.01166516,simplified
2021-02-01,24,0.86057885,0.95808090,0.09750206,simplified
2021-03-01,1,0.71455219,0.71566653,0.00111434,simplified
2021-03-01,3,0.74488340,0.75637785,0.01149445,simplified
2021-03-01,6,0.80541979,0.80927572,0.00385593,simplified
2021-03-01,12,0.87649648,0.89595473,0.01945826,simplified
2021-03-01,24,0.86467680,0.99200765,0.12733085,simplified
2021-04-01,1,0.73045713,0.73453338,0.00407626,simplified
2021-04-01,3,0.76111673,0.77109165,0.00997492,simplified
2021-04-01,6,0.82574991,0.81925373,-0.00649618,simplified
2021-04-01,12,0.87709735,0.90004493,0.02294758,simplified
2021-04-01,24,0.87079384,0.98559078,0.11479695,simplified
2021-05-01,1,0.74488340,0.74559263,0.00070922,simplified
2021-05-01,3,0.78077352,0.77391759,-0.00685593,simplified
2021-05-01,6,0.84096612,0.81262860,-0.02833752,simplified
2021-05-01,12,0.87185034,0.88101057,0.00916023,simplified
2021-05-01,24,0.87966327,0.95187862,0.07221535,simplified
2021-06-01,1,0.76111673,0.75871303,-0.00240369,simplified
2021-06-01,3,0.80541979,0.78486420,-0.02055559,simplified
2021-06-01,6,0.84936209,0.82116687,-0.02819522,simplified
2021-06-01,12,0.86550995,0.88546171,0.01995176,simplified
2021-06-01,24,0.88797530,0.94906071,0.06108541,simplified
2021-07-01,1,0.78077352,0.77656084,-0.00421267,simplified
2021-07-01,3,0.82574991,0.80545004,-0.02029987,simplified
2021-07-01,6,0.86097655,0.84489595,-0.01608060,simplified
2021-07-01,12,0.85882234,0.91109239,0.05227005,simplified
2021-07-01,24,0.89563059,0.97273224,0.07710165,simplified
2021-08-01,1,0.80541979,0.79929104,-0.00612874,simplified
2021-08-01,3,0.84096612,0.83342720,-0.00753891,simplified
2021-08-01,6,0.87200377,0.87895562,0.00695185,simplified
2021-08-01,12,0.85498390,0.94984667,0.09486277,simplified
2021-08-01,24,0.90277372,1.01280456,0.11003084,simplified
2021-09-01,1,0.82574991,0.82847879,0.00272888,simplified
2021-09-01,3,0.84936209,0.87052061,0.02115853,simplified
2021-09-01,6,0.87649648,0.92549410,0.04899762,simplified
2021-09-01,12,0.85304514,1.00463011,0.15158497,simplified
2021-09-01,24,0.90967070,1.07349366,0.16382296,simplified
2021-10-01,1,0.84096612,0.84491465,0.00394854,simplified
2021-10-01,3,0.86097655,0.88026774,0.01929118,simplified
2021-10-01,6,0.87709735,0.92743788,0.05034053,simplified
2021-10-01,12,0.85274352,0.99220252,0.13945900,simplified
2021-10-01,24,0.91747298,1.05084083,0.13336785,simplified
2021-11-01,1,0.84936209,0.85555391,0.00619182,simplified
2021-11-01,3,0.87200377,0.88313364,0.01112988,simplified
2021-11-01,6,0.87185034,0.92095113,0.04910079,simplified
2021-11-01,12,0.85231332,0.97061641,0.11830309,simplified
2021-11-01,24,0.92298088,1.01910535,0.09612447,simplified
2021-12-01,1,0.86097655,0.85789779,-0.00307876,simplified
2021-12-01,3,0.87649648,0.87532233,-0.00117415,simplified
2021-12-01,6,0.86550995,0.90049740,0.03498744,simplified
2021-12-01,12,0.85285025,0.93347741,0.08062716,simplified
2021-12-01,24,0.92932132,0.97171118,0.04238985,simplified
2022-01-01,1,0.87200377,0.87235938,0.00035562,simplified
2022-01-01,3,0.87709735,0.89453985,0.01744250,simplified
2022-01-01,6,0.85882234,0.92286846,0.06404612,simplified
2022-01-01,12,0.85624743,0.95874768,0.10250025,simplified
2022-01-01,24,0.93704800,0.99849246,0.06144447,simplified
2022-02-01,1,0.87649648,0.88286831,0.00637183,simplified
2022-02-01,3,0.87185034,0.90376483,0.03191449,simplified
2022-02-01,6,0.85498390,0.92862138,0.07363748,simplified
2022-02-01,12,0.86057885,0.96092074,0.10034190,simplified
2022-02-01,24,0.94679424,0.99832177,0.05152753,simplified
2022-03-01,1,0.87709735,0.88158702,0.00448967,simplified
2022-03-01,3,0.86550995,0.89168471,0.02617476,simplified
2022-03-01,6,0.85304514,0.90377822,0.05073309,simplified
2022-03-01,12,0.86467680,0.92263900,0.05796221,simplified
2022-03-01,24,0.95680610,0.95191797,-0.00488813,simplified
2022-04-01,1,0.87185034,0.87834852,0.00649818,simplified
2022-04-01,3,0.85882234,0.88116446,0.02234212,simplified
2022-04-01,6,0.85274352,0.88509117,0.03234765,simplified
2022-04-01,12,0.87079384,0.89531442,0.02452059,simplified
2022-04-01,24,0.96456606,0.91877948,-0.04578658,simplified
2022-05-01,1,0.86550995,0.86744923,0.00193928,simplified
2022-05-01,3,0.85498390,0.86045093,0.00546703,simplified
2022-05-01,6,0.85231332,0.85339314,0.00107982,simplified
2022-05-01,12,0.87966327,0.85029526,-0.02936801,simplified
2022-05-01,24,0.97144097,0.86288642,-0.10855456,simplified
2022-06-01,1,0.85882234,0.86000205,0.00117971,simplified
2022-06-01,3,0.85304514,0.85076209,-0.00228304,simplified
2022-06-01,6,0.85285025,0.84150460,-0.01134565,simplified
2022-06-01,12,0.88797530,0.83499080,-0.05298450,simplified
2022-06-01,24,0.97509388,0.84435958,-0.13073430,simplified
2022-07-01,1,0.85498390,0.85288056,-0.00210335,simplified
2022-07-01,3,0.85274352,0.84295422,-0.00978930,simplified
2022-07-01,6,0.85624743,0.83328250,-0.02296492,simplified
2022-07-01,12,0.89563059,0.82516510,-0.07046550,simplified
2022-07-01,24,0.98091551,0.83305334,-0.14786216,simplified
2022-08-01,1,0.85304514,0.85152996,-0.00151517,simplified
2022-08-01,3,0.85231332,0.84641830,-0.00589501,simplified
2022-08-01,6,0.86057885,0.84243585,-0.01814300,simplified
2022-08-01,12,0.90277372,0.84147572,-0.06129800,simplified
2022-08-01,24,0.98556277,0.85660823,-0.12895455,simplified
2022-09-01,1,0.85274352,0.85159324,-0.00115028,simplified
2022-09-01,3,0.85285025,0.84975846,-0.00309179,simplified
2022-09-01,6,0.86467680,0.84962530,-0.01505150,simplified
2022-09-01,12,0.90967070,0.85374100,-0.05592970,simplified
2022-09-01,24,0.99122829,0.87375110,-0.11747718,simplified
2022-10-01,1,0.85231332,0.85270522,0.00039190,simplified
2022-10-01,3,0.85624743,0.85350251,-0.00274492,simplified
2022-10-01,6,0.87079384,0.85600410,-0.01478973,simplified
2022-10-01,12,0.91747298,0.86351575,-0.05395723,simplified
2022-10-01,24,0.99539670,0.88659454,-0.10880216,simplified
2014-01-01,1,0.29932752,0.29970032,0.00037280,seasonal
2014-01-01,3,0.30950206,0.31489954,0.00539748,seasonal
2014-01-01,6,0.31573019,0.33792481,0.02219463,seasonal
2014-01-01,12,0.34354346,0.38948537,0.04594192,seasonal
2014-01-01,24,0.38850514,0.51101561,0.12251047,seasonal
2014-02-01,1,0.30434032,0.30614941,0.00180909,seasonal
2014-02-01,3,0.31264834,0.32133459,0.00868625,seasonal
2014-02-01,6,0.32008523,0.34505653,0.02497130,seasonal
2014-02-01,12,0.34944268,0.39681720,0.04737452,seasonal
2014-02-01,24,0.38671824,0.51852729,0.13180905,seasonal
2014-03-01,1,0.30950206,0.31061477,0.00111271,seasonal
2014-03-01,3,0.31363645,0.32329029,0.00965384,seasonal
2014-03-01,6,0.32510137,0.34584275,0.02074138,seasonal
2014-03-01,12,0.35907919,0.39511764,0.03603845,seasonal
2014-03-01,24,0.38629025,0.51335041,0.12706016,seasonal
2014-04-01,1,0.31264834,0.31464451,0.00199617,seasonal
2014-04-01,3,0.31573019,0.32622818,0.01049799,seasonal
2014-04-01,6,0.33149686,0.34871461,0.01721775,seasonal
2014-04-01,12,0.36686614,0.39722512,0.03035898,seasonal
2014-04-01,24,0.38835031,0.51400466,0.12565435,seasonal
2014-05-01,1,0.31363645,0.31675014,0.00311369,seasonal
2014-05-01,3,0.32008523,0.32711138,0.00702615,seasonal
2014-05-01,6,0.33557283,0.34743265,0.01185982,seasonal
2014-05-01,12,0.37519541,0.39408783,0.01889242,seasonal
2014-05-01,24,0.39148216,0.50773836,0.11625620,seasonal
2014-06-01,1,0.31573019,0.31531354,-0.00041664,seasonal
2014-06-01,3,0.32510137,0.32383425,-0.00126712,seasonal
2014-06-01,6,0.33791680,0.33938008,0.00146328,seasonal
2014-06-01,12,0.37954028,0.38289117,0.00335090,seasonal
2014-06-01,24,0.39565834,0.49041526,0.09475693,seasonal
2014-07-01,1,0.32008523,0.31982518,-0.00026005,seasonal
2014-07-01,3,0.33149686,0.33004294,-0.00145392,seasonal
2014-07-01,6,0.34354346,0.34757549,0.00403203,seasonal
2014-07-01,12,0.38475687,0.39321660,0.00845973,seasonal
2014-07-01,24,0.40067696,0.50365018,0.10297323,seasonal
2014-08-01,1,0.32510137,0.32538981,0.00028845,seasonal
2014-08-01,3,0.33557283,0.33667775,0.00110492,seasonal
2014-08-01,6,0.34944268,0.35627348,0.00683080,seasonal
2014-08-01,12,0.39139179,0.40333949,0.01194769,seasonal
2014-08-01,24,0.40869943,0.51662108,0.10792165,seasonal
2014-09-01,1,0.33149686,0.32977609,-0.00172077,seasonal
2014-09-01,3,0.33791680,0.33963324,0.00171644,seasonal
2014-09-01,6,0.35907919,0.35991091,0.00083171,seasonal
2014-09-01,12,0.39498944,0.40287567,0.00788623,seasonal
2014-09-01,24,0.41560303,0.51850235,0.10289932,seasonal
2014-10-01,1,0.33557283,0.33845194,0.00287912,seasonal
2014-10-01,3,0.34354346,0.35153820,0.00799474,seasonal
2014-10-01,6,0.36686614,0.37441446,0.00754833,seasonal
2014-10-01,12,0.39611157,0.42262916,0.02651759,seasonal
2014-10-01,24,0.42260952,0.54684290,0.12423337,seasonal
2014-11-01,1,0.33791680,0.33940076,0.00148396,seasonal
2014-11-01,3,0.34944268,0.35106484,0.00162216,seasonal
2014-11-01,6,0.37519541,0.37147423,-0.00372118,seasonal
2014-11-01,12,0.39326284,0.41910640,0.02584356,seasonal
2014-11-01,24,0.43075407,0.53318223,0.10242816,seasonal
2014-12-01,1,0.34354346,0.34191732,-0.00162614,seasonal
2014-12-01,3,0.35907919,0.35276887,-0.00631032,seasonal
2014-12-01,6,0.37954028,0.37149385,-0.00804643,seasonal
2014-12-01,12,0.38902928,0.41785065,0.02882137,seasonal
2014-12-01,24,0.43545882,0.53049604,0.09503721,seasonal
2015-01-01,1,0.34944268,0.35024515,0.00080246,seasonal
2015-01-01,3,0.36686614,0.36392017,-0.00294597,seasonal
2015-01-01,6,0.38475687,0.38603174,0.00127487,seasonal
2015-01-01,12,0.38850514,0.43618807,0.04768293,seasonal
2015-01-01,24,0.44505312,0.55516751,0.11011438,seasonal
2015-02-01,1,0.35907919,0.35549430,-0.00358490,seasonal
2015-02-01,3,0.37519541,0.36871339,-0.00648201,seasonal
2015-02-01,6,0.39139179,0.39039875,-0.00099304,seasonal
2015-02-01,12,0.38671824,0.43979296,0.05307472,seasonal
2015-02-01,24,0.45379404,0.55821796,0.10442392,seasonal
2015-03-01,1,0.36686614,0.36847676,0.00161063,seasonal
2015-03-01,3,0.37954028,0.38679411,0.00725383,seasonal
2015-03-01,6,0.39498944,0.41486481,0.01987537,seasonal
2015-03-01,12,0.38629025,0.47092614,0.08463589,seasonal
2015-03-01,24,0.46120904,0.59950215,0.13829311,seasonal
2015-04-01,1,0.37519541,0.37497157,-0.00022384,seasonal
2015-04-01,3,0.38475687,0.39084862,0.00609176,seasonal
2015-04-01,6,0.39611157,0.41746353,0.02135196,seasonal
2015-04-01,12,0.38835031,0.47105354,0.08270324,seasonal
2015-04-01,24,0.46653725,0.59662638,0.13008913,seasonal
2015-05-01,1,0.37954028,0.38306361,0.00352334,seasonal
2015-05-01,3,0.39139179,0.40013434,0.00874255,seasonal
2015-05-01,6,0.39326284,0.42687833,0.03361549,seasonal
2015-05-01,12,0.39148216,0.48261488,0.09113272,seasonal
2015-05-01,24,0.47096049,0.60936487,0.13840438,seasonal
2015-06-01,1,0.38475687,0.38491495,0.00015808,seasonal
2015-06-01,3,0.39498944,0.39776014,0.00277070,seasonal
2015-06-01,6,0.38902928,0.41911376,0.03008448,seasonal
2015-06-01,12,0.39565834,0.47078811,0.07512977,seasonal
2015-06-01,24,0.47367931,0.58961547,0.11593617,seasonal
2015-07-01,1,0.39139179,0.39077377,-0.00061802,seasonal
2015-07-01,3,0.39611157,0.40481014,0.00869857,seasonal
2015-07-01,6,0.38850514,0.42615922,0.03765408,seasonal
2015-07-01,12,0.40067696,0.47877252,0.07809557,seasonal
2015-07-01,24,0.47979225,0.59868158,0.11888933,seasonal
2015-08-01,1,0.39498944,0.39850349,0.00351405,seasonal
2015-08-01,3,0.39326284,0.41359175,0.02032891,seasonal
2015-08-01,6,0.38671824,0.43687098,0.05015274,seasonal
2015-08-01,12,0.40869943,0.49228335,0.08358392,seasonal
2015-08-01,24,0.48513009,0.61516123,0.13003114,seasonal
2015-09-01,1,0.39611157,0.39990708,0.00379551,seasonal
2015-09-01,3,0.38902928,0.40955124,0.02052196,seasonal
2015-09-01,6,0.38629025,0.42998773,0.04369748,seasonal
2015-09-01,12,0.41560303,0.47981150,0.06420848,seasonal
2015-09-01,24,0.48960593,0.59445969,0.10485375,seasonal
2015-10-01,1,0.39326284,0.39749660,0.00423376,seasonal
2015-10-01,3,0.38850514,0.40347393,0.01496879,seasonal
2015-10-01,6,0.38835031,0.42009660,0.03174629,seasonal
2015-10-01,12,0.42260952,0.46395233,0.04134281,seasonal
2015-10-01,24,0.49307124,0.57040127,0.07733002,seasonal
2015-11-01,1,0.38902928,0.39183572,0.00280644,seasonal
2015-11-01,3,0.38671824,0.39403515,0.00731691,seasonal
2015-11-01,6,0.39148216,0.40723361,0.01575145,seasonal
2015-11-01,12,0.43075407,0.44319271,0.01243864,seasonal
2015-11-01,24,0.49300666,0.54099143,0.04798476,seasonal
2015-12-01,1,0.38850514,0.38722576,-0.00127938,seasonal
2015-12-01,3,0.38629025,0.38889576,0.00260551,seasonal
2015-12-01,6,0.39565834,0.40001315,0.00435481,seasonal
2015-12-01,12,0.43545882,0.43256537,-0.00289346,seasonal
2015-12-01,24,0.49440740,0.52747050,0.03306310,seasonal
2016-01-01,1,0.38671824,0.38920957,0.00249133,seasonal
2016-01-01,3,0.38835031,0.39542414,0.00707384,seasonal
2016-01-01,6,0.40067696,0.41021852,0.00954156,seasonal
2016-01-01,12,0.44505312,0.44507481,0.00002169,seasonal
2016-01-01,24,0.49905789,0.54553899,0.04648110,seasonal
2016-02-01,1,0.38629025,0.38836056,0.00207031,seasonal
2016-02-01,3,0.39148216,0.39470003,0.00321787,seasonal
2016-02-01,6,0.40869943,0.40851123,-0.00018820,seasonal
2016-02-01,12,0.45379404,0.43282745,-0.02096659,seasonal
2016-02-01,24,0.50284941,0.52851164,0.02566223,seasonal
2016-03-01,1,0.38835031,0.38673876,-0.00161154,seasonal
2016-03-01,3,0.39565834,0.39153238,-0.00412596,seasonal
2016-03-01,6,0.41560303,0.40378971,-0.01181332,seasonal
2016-03-01,12,0.46120904,0.42433163,-0.03687741,seasonal
2016-03-01,24,0.50519743,0.51705151,0.01185407,seasonal
2016-04-01,1,0.39148216,0.39227717,0.00079501,seasonal
2016-04-01,3,0.40067696,0.39997862,-0.00069834,seasonal
2016-04-01,6,0.42260952,0.41481781,-0.00779171,seasonal
2016-04-01,12,0.46653725,0.44047475,-0.02606250,seasonal
2016-04-01,24,0.50444613,0.54413375,0.03968762,seasonal
2016-05-01,1,0.39565834,0.39429185,-0.00136649,seasonal
2016-05-01,3,0.40869943,0.40320032,-0.00549912,seasonal
2016-05-01,6,0.43075407,0.41434626,-0.01640781,seasonal
2016-05-01,12,0.47096049,0.44150806,-0.02945243,seasonal
2016-05-01,24,0.50387910,0.54557967,0.04170057,seasonal
2016-06-01,1,0.40067696,0.40061893,-0.00005803,seasonal
2016-06-01,3,0.41560303,0.41251543,-0.00308759,seasonal
2016-06-01,6,0.43545882,0.42811704,-0.00734178,seasonal
2016-06-01,12,0.47367931,0.46893079,-0.00474851,seasonal
2016-06-01,24,0.50229038,0.57816557,0.07587519,seasonal
2016-07-01,1,0.40869943,0.40680235,-0.00189708,seasonal
2016-07-01,3,0.42260952,0.41806330,-0.00454622,seasonal
2016-07-01,6,0.44505312,0.43420716,-0.01084597,seasonal
2016-07-01,12,0.47979225,0.47706807,-0.00272418,seasonal
2016-07-01,24,0.50206064,0.58731008,0.08524944,seasonal
2016-08-01,1,0.41560303,0.41613963,0.00053660,seasonal
2016-08-01,3,0.43075407,0.42928655,-0.00146752,seasonal
2016-08-01,6,0.45379404,0.44915666,-0.00463738,seasonal
2016-08-01,12,0.48513009,0.49824667,0.01311657,seasonal
2016-08-01,24,0.50178596,0.61492976,0.11314380,seasonal
2016-09-01,1,0.42260952,0.42123543,-0.00137409,seasonal
2016-09-01,3,0.43545882,0.43040992,-0.00504890,seasonal
2016-09-01,6,0.46120904,0.44684636,-0.01436268,seasonal
2016-09-01,12,0.48960593,0.49618388,0.00657795,seasonal
2016-09-01,24,0.49819390,0.61860680,0.12041289,seasonal
2016-10-01,1,0.43075407,0.42900058,-0.00175349,seasonal
2016-10-01,3,0.44505312,0.44227799,-0.00277513,seasonal
2016-10-01,6,0.46653725,0.46386368,-0.00267357,seasonal
2016-10-01,12,0.49307124,0.51748616,0.02441492,seasonal
2016-10-01,24,0.49241002,0.63480097,0.14239095,seasonal
2016-11-01,1,0.43545882,0.43847451,0.00301569,seasonal
2016-11-01,3,0.45379404,0.45484951,0.00105547,seasonal
2016-11-01,6,0.47096049,0.48005298,0.00909248,seasonal
2016-11-01,12,0.49300666,0.53872791,0.04572125,seasonal
2016-11-01,24,0.48558148,0.66066928,0.17508780,seasonal
2016-12-01,1,0.44505312,0.44124462,-0.00380850,seasonal
2016-12-01,3,0.46120904,0.45300795,-0.00820109,seasonal
2016-12-01,6,0.47367931,0.47506066,0.00138136,seasonal
2016-12-01,12,0.49440740,0.52936942,0.03496201,seasonal
2016-12-01,24,0.47834891,0.64307940,0.16473049,seasonal
2017-01-01,1,0.45379404,0.45407500,0.00028096,seasonal
2017-01-01,3,0.46653725,0.47226413,0.00572688,seasonal
2017-01-01,6,0.47979225,0.50112925,0.02133699,seasonal
2017-01-01,12,0.49905789,0.56339714,0.06433925,seasonal
2017-01-01,24,0.47793253,0.68713325,0.20920071,seasonal
2017-02-01,1,0.46120904,0.46238020,0.00117116,seasonal
2017-02-01,3,0.47096049,0.48064776,0.00968727,seasonal
2017-02-01,6,0.48513009,0.51019959,0.02506950,seasonal
2017-02-01,12,0.50284941,0.57245615,0.06960674,seasonal
2017-02-01,24,0.47727242,0.69483667,0.21756425,seasonal
2017-03-01,1,0.46653725,0.46936207,0.00282482,seasonal
2017-03-01,3,0.47367931,0.48645554,0.01277624,seasonal
2017-03-01,6,0.48960593,0.51478099,0.02517506,seasonal
2017-03-01,12,0.50519743,0.57533521,0.07013778,seasonal
2017-03-01,24,0.47500261,0.69383655,0.21883394,seasonal
2017-04-01,1,0.47096049,0.47235060,0.00139011,seasonal
2017-04-01,3,0.47979225,0.48636460,0.00657234,seasonal
2017-04-01,6,0.49307124,0.51133992,0.01826868,seasonal
2017-04-01,12,0.50444613,0.56686245,0.06241632,seasonal
2017-04-01,24,0.47355164,0.67770103,0.20414939,seasonal
2017-05-01,1,0.47367931,0.47652464,0.00284533,seasonal
2017-05-01,3,0.48513009,0.48997018,0.00484008,seasonal
2017-05-01,6,0.49300666,0.51409003,0.02108337,seasonal
2017-05-01,12,0.50387910,0.56677314,0.06289404,seasonal
2017-05-01,24,0.47467156,0.67458220,0.19991064,seasonal
2017-06-01,1,0.47979225,0.47744252,-0.00234973,seasonal
2017-06-01,3,0.48960593,0.48815532,-0.00145061,seasonal
2017-06-01,6,0.49440740,0.50866931,0.01426190,seasonal
2017-06-01,12,0.50229038,0.55630864,0.05401826,seasonal
2017-06-01,24,0.47866051,0.65754336,0.17888285,seasonal
2017-07-01,1,0.48513009,0.48691373,0.00178364,seasonal
2017-07-01,3,0.49307124,0.50217589,0.00910465,seasonal
2017-07-01,6,0.49905789,0.52804517,0.02898728,seasonal
2017-07-01,12,0.50206064,0.57956809,0.07750746,seasonal
2017-07-01,24,0.48673744,0.68941806,0.20268063,seasonal
2017-08-01,1,0.48960593,0.49097562,0.00136969,seasonal
2017-08-01,3,0.49300666,0.50499176,0.01198510,seasonal
2017-08-01,6,0.50284941,0.52892584,0.02607643,seasonal
2017-08-01,12,0.50178596,0.57675902,0.07497305,seasonal
2017-08-01,24,0.49533262,0.68347202,0.18813940,seasonal
2017-09-01,1,0.49307124,0.49498425,0.00191301,seasonal
2017-09-01,3,0.49440740,0.50758867,0.01318127,seasonal
2017-09-01,6,0.50519743,0.53088350,0.02568607,seasonal
2017-09-01,12,0.49819390,0.57588937,0.07769547,seasonal
2017-09-01,24,0.50400898,0.68105600,0.17704702,seasonal
2017-10-01,1,0.49300666,0.49785249,0.00484583,seasonal
2017-10-01,3,0.49905789,0.50895743,0.00989954,seasonal
2017-10-01,6,0.50444613,0.52918052,0.02473438,seasonal
2017-10-01,12,0.49241002,0.57083956,0.07842954,seasonal
2017-10-01,24,0.51259685,0.67322919,0.16063234,seasonal
2017-11-01,1,0.49440740,0.49360136,-0.00080604,seasonal
2017-11-01,3,0.50284941,0.50010056,-0.00274885,seasonal
2017-11-01,6,0.50387910,0.51338961,0.00951051,seasonal
2017-11-01,12,0.48558148,0.54720398,0.06162250,seasonal
2017-11-01,24,0.51804218,0.64085637,0.12281419,seasonal
2017-12-01,1,0.49905789,0.49787038,-0.00118751,seasonal
2017-12-01,3,0.50519743,0.50680010,0.00160267,seasonal
2017-12-01,6,0.50229038,0.52147635,0.01918597,seasonal
2017-12-01,12,0.47834891,0.55734206,0.07899315,seasonal
2017-12-01,24,0.52148387,0.65622004,0.13473617,seasonal
2018-01-01,1,0.50284941,0.50433343,0.00148402,seasonal
2018-01-01,3,0.50444613,0.51539875,0.01095262,seasonal
2018-01-01,6,0.50206064,0.53334397,0.03128333,seasonal
2018-01-01,12,0.47793253,0.57174969,0.09381716,seasonal
2018-01-01,24,0.52646387,0.67717465,0.15071078,seasonal
2018-02-01,1,0.50519743,0.50716110,0.00196367,seasonal
2018-02-01,3,0.50387910,0.51627410,0.01239500,seasonal
2018-02-01,6,0.50178596,0.53298368,0.03119771,seasonal
2018-02-01,12,0.47727242,0.56921390,0.09194148,seasonal
2018-02-01,24,0.53229493,0.67345280,0.14115788,seasonal
2018-03-01,1,0.50444613,0.50786261,0.00341648,seasonal
2018-03-01,3,0.50229038,0.51458658,0.01229620,seasonal
2018-03-01,6,0.49819390,0.52963048,0.03143658,seasonal
2018-03-01,12,0.47500261,0.56306272,0.08806011,seasonal
2018-03-01,24,0.53055597,0.66549071,0.13493474,seasonal
2018-04-01,1,0.50387910,0.50474490,0.00086580,seasonal
2018-04-01,3,0.50206064,0.50819039,0.00612975,seasonal
2018-04-01,6,0.49241002,0.51835129,0.02594127,seasonal
2018-04-01,12,0.47355164,0.54624381,0.07269217,seasonal
2018-04-01,24,0.52792367,0.64300368,0.11508000,seasonal
2018-05-01,1,0.50229038,0.50397137,0.00168099,seasonal
2018-05-01,3,0.50178596,0.50839190,0.00660594,seasonal
2018-05-01,6,0.48558148,0.51731676,0.03173528,seasonal
2018-05-01,12,0.47467156,0.54561461,0.07094305,seasonal
2018-05-01,24,0.53341237,0.64414198,0.11072961,seasonal
2018-06-01,1,0.50206064,0.50274798,0.00068734,seasonal
2018-06-01,3,0.49819390,0.50571288,0.00751898,seasonal
2018-06-01,6,0.47834891,0.51291958,0.03457066,seasonal
2018-06-01,12,0.47866051,0.53978704,0.06112653,seasonal
2018-06-01,24,0.54200772,0.63727189,0.09526417,seasonal
2018-07-01,1,0.50178596,0.50266798,0.00088202,seasonal
2018-07-01,3,0.49241002,0.50569619,0.01328617,seasonal
2018-07-01,6,0.47793253,0.51378988,0.03585734,seasonal
2018-07-01,12,0.48673744,0.54144438,0.05470695,seasonal
2018-07-01,24,0.55282812,0.64079300,0.08796487,seasonal
2018-08-01,1,0.49819390,0.50226561,0.00407171,seasonal
2018-08-01,3,0.48558148,0.50429277,0.01871129,seasonal
2018-08-01,6,0.47727242,0.51352820,0.03625578,seasonal
2018-08-01,12,0.49533262,0.54143316,0.04610054,seasonal
2018-08-01,24,0.56502267,0.64133918,0.07631651,seasonal
2018-09-01,1,0.49241002,0.49570359,0.00329357,seasonal
2018-09-01,3,0.47834891,0.49293172,0.01458281,seasonal
2018-09-01,6,0.47500261,0.49735340,0.02235079,seasonal
2018-09-01,12,0.50400898,0.51909781,0.01508883,seasonal
2018-09-01,24,0.57832854,0.61046467,0.03213612,seasonal
2018-10-01,1,0.48558148,0.48725536,0.00167388,seasonal
2018-10-01,3,0.47793253,0.48265658,0.00472404,seasonal
2018-10-01,6,0.47355164,0.48262889,0.00907725,seasonal
2018-10-01,12,0.51259685,0.49999301,-0.01260383,seasonal
2018-10-01,24,0.59430082,0.58450578,-0.00979504,seasonal
2018-11-01,1,0.47834891,0.48127614,0.00292722,seasonal
2018-11-01,3,0.47727242,0.47716649,-0.00010593,seasonal
2018-11-01,6,0.47467156,0.47492237,0.00025082,seasonal
2018-11-01,12,0.51804218,0.48914056,-0.02890162,seasonal
2018-11-01,24,0.60914826,0.57695142,-0.03219684,seasonal
2018-12-01,1,0.47793253,0.47326101,-0.00467152,seasonal
2018-12-01,3,0.47500261,0.46661240,-0.00839021,seasonal
2018-12-01,6,0.47866051,0.46304186,-0.01561865,seasonal
2018-12-01,12,0.52148387,0.47569640,-0.04578747,seasonal
2018-12-01,24,0.62569855,0.55385373,-0.07184482,seasonal
2019-01-01,1,0.47727242,0.47829777,0.00102535,seasonal
2019-01-01,3,0.47355164,0.48028038,0.00672874,seasonal
2019-01-01,6,0.48673744,0.48844213,0.00170469,seasonal
2019-01-01,12,0.52646387,0.51480281,-0.01166106,seasonal
2019-01-01,24,0.64653105,0.61431669,-0.03221436,seasonal
2019-02-01,1,0.47500261,0.47729164,0.00228903,seasonal
2019-02-01,3,0.47467156,0.47862958,0.00395803,seasonal
2019-02-01,6,0.49533262,0.48746967,-0.00786295,seasonal
2019-02-01,12,0.53229493,0.51368596,-0.01860897,seasonal
2019-02-01,24,0.66917603,0.61257241,-0.05660361,seasonal
2019-03-01,1,0.47355164,0.47322795,-0.00032369,seasonal
2019-03-01,3,0.47866051,0.47296904,-0.00569147,seasonal
2019-03-01,6,0.50400898,0.47936369,-0.02464529,seasonal
2019-03-01,12,0.53055597,0.50394852,-0.02660745,seasonal
2019-03-01,24,0.69323460,0.59790901,-0.09532559,seasonal
2019-04-01,1,0.47467156,0.47313232,-0.00153924,seasonal
2019-04-01,3,0.48673744,0.47575960,-0.01097784,seasonal
2019-04-01,6,0.51259685,0.48349048,-0.02910637,seasonal
2019-04-01,12,0.52792367,0.51244404,-0.01547963,seasonal
2019-04-01,24,0.71455219,0.61013031,-0.10442188,seasonal
2019-05-01,1,0.47866051,0.47686917,-0.00179134,seasonal
2019-05-01,3,0.49533262,0.48386570,-0.01146692,seasonal
2019-05-01,6,0.51804218,0.49358368,-0.02445849,seasonal
2019-05-01,12,0.53341237,0.53105189,-0.00236048,seasonal
2019-05-01,24,0.73045713,0.64661934,-0.08383778,seasonal
2019-06-01,1,0.48673744,0.48341559,-0.00332185,seasonal
2019-06-01,3,0.50400898,0.49289754,-0.01111144,seasonal
2019-06-01,6,0.52148387,0.50574297,-0.01574090,seasonal
2019-06-01,12,0.54200772,0.55291333,0.01090561,seasonal
2019-06-01,24,0.74488340,0.67770993,-0.06717347,seasonal
2019-07-01,1,0.49533262,0.49486154,-0.00047108,seasonal
2019-07-01,3,0.51259685,0.50815567,-0.00444117,seasonal
2019-07-01,6,0.52646387,0.52893167,0.00246780,seasonal
2019-07-01,12,0.55282812,0.58666221,0.03383409,seasonal
2019-07-01,24,0.76111673,0.72455311,-0.03656362,seasonal
2019-08-01,1,0.50400898,0.50301295,-0.00099603,seasonal
2019-08-01,3,0.51804218,0.51758793,-0.00045425,seasonal
2019-08-01,6,0.53229493,0.54107133,0.00877640,seasonal
2019-08-01,12,0.56502267,0.59889386,0.03387118,seasonal
2019-08-01,24,0.78077352,0.72469007,-0.05608344,seasonal
2019-09-01,1,0.51259685,0.51224461,-0.00035224,seasonal
2019-09-01,3,0.52148387,0.52778158,0.00629771,seasonal
2019-09-01,6,0.53055597,0.55443056,0.02387459,seasonal
2019-09-01,12,0.57832854,0.61672267,0.03839413,seasonal
2019-09-01,24,0.80541979,0.74525508,-0.06016471,seasonal
2019-10-01,1,0.51804218,0.52089797,0.00285579,seasonal
2019-10-01,3,0.52646387,0.53790816,0.01144429,seasonal
2019-10-01,6,0.52792367,0.56527970,0.03735602,seasonal
2019-10-01,12,0.59430082,0.63023187,0.03593105,seasonal
2019-10-01,24,0.82574991,0.75907876,-0.06667115,seasonal
2019-11-01,1,0.52148387,0.52335279,0.00186892,seasonal
2019-11-01,3,0.53229493,0.53741762,0.00512269,seasonal
2019-11-01,6,0.53341237,0.56103617,0.02762381,seasonal
2019-11-01,12,0.60914826,0.62122246,0.01207419,seasonal
2019-11-01,24,0.84096612,0.74065894,-0.10030718,seasonal
2019-12-01,1,0.52646387,0.52685194,0.00038807,seasonal
2019-12-01,3,0.53055597,0.53858776,0.00803179,seasonal
2019-12-01,6,0.54200772,0.56104052,0.01903280,seasonal
2019-12-01,12,0.62569855,0.61799035,-0.00770820,seasonal
2019-12-01,24,0.84936209,0.73210566,-0.11725642,seasonal
2020-01-01,1,0.53229493,0.53175925,-0.00053568,seasonal
2020-01-01,3,0.52792367,0.54397221,0.01604854,seasonal
2020-01-01,6,0.55282812,0.56845123,0.01562311,seasonal
2020-01-01,12,0.64653105,0.62426598,-0.02226506,seasonal
2020-01-01,24,0.86097655,0.73791051,-0.12306605,seasonal
2020-02-01,1,0.53055597,0.53856430,0.00800833,seasonal
2020-02-01,3,0.53341237,0.55299455,0.01958218,seasonal
2020-02-01,6,0.56502267,0.58044935,0.01542667,seasonal
2020-02-01,12,0.66917603,0.63694642,-0.03222961,seasonal
2020-02-01,24,0.87200377,0.75282139,-0.11918237,seasonal
2020-03-01,1,0.52792367,0.53032239,0.00239872,seasonal
2020-03-01,3,0.54200772,0.53461961,-0.00738811,seasonal
2020-03-01,6,0.57832854,0.55065984,-0.02766871,seasonal
2020-03-01,12,0.69323460,0.58874277,-0.10449183,seasonal
2020-03-01,24,0.87649648,0.67834273,-0.19815375,seasonal
2020-04-01,1,0.53341237,0.52718180,-0.00623057,seasonal
2020-04-01,3,0.55282812,0.53110003,-0.02172809,seasonal
2020-04-01,6,0.59430082,0.54520595,-0.04909487,seasonal
2020-04-01,12,0.71455219,0.57690301,-0.13764918,seasonal
2020-04-01,24,0.87709735,0.66096314,-0.21613421,seasonal
2020-05-01,1,0.54200772,0.53993660,-0.00207112,seasonal
2020-05-01,3,0.56502267,0.55585547,-0.00916720,seasonal
2020-05-01,6,0.60914826,0.58153401,-0.02761425,seasonal
2020-05-01,12,0.73045713,0.62681792,-0.10363920,seasonal
2020-05-01,24,0.87185034,0.73326460,-0.13858574,seasonal
2020-06-01,1,0.55282812,0.55158547,-0.00124266,seasonal
2020-06-01,3,0.57832854,0.57132904,-0.00699950,seasonal
2020-06-01,6,0.62569855,0.59955462,-0.02614393,seasonal
2020-06-01,12,0.74488340,0.64960881,-0.09527459,seasonal
2020-06-01,24,0.86550995,0.76185889,-0.10365106,seasonal
2020-07-01,1,0.56502267,0.56364982,-0.00137286,seasonal
2020-07-01,3,0.59430082,0.58549394,-0.00880688,seasonal
2020-07-01,6,0.64653105,0.61438134,-0.03214970,seasonal
2020-07-01,12,0.76111673,0.66738945,-0.09372727,seasonal
2020-07-01,24,0.85882234,0.78080683,-0.07801551,seasonal
2020-08-01,1,0.57832854,0.57717029,-0.00115825,seasonal
2020-08-01,3,0.60914826,0.60003633,-0.00911193,seasonal
2020-08-01,6,0.66917603,0.63063594,-0.03854009,seasonal
2020-08-01,12,0.78077352,0.68685607,-0.09391744,seasonal
2020-08-01,24,0.85498390,0.80086160,-0.05412230,seasonal
2020-09-01,1,0.59430082,0.59128644,-0.00301438,seasonal
2020-09-01,3,0.62569855,0.61414669,-0.01155186,seasonal
2020-09-01,6,0.69323460,0.64429211,-0.04894249,seasonal
2020-09-01,12,0.80541979,0.70529006,-0.10012973,seasonal
2020-09-01,24,0.85304514,0.81770686,-0.03533828,seasonal
2020-10-01,1,0.60914826,0.60874653,-0.00040173,seasonal
2020-10-01,3,0.64653105,0.63495485,-0.01157620,seasonal
2020-10-01,6,0.71455219,0.66717748,-0.04737471,seasonal
2020-10-01,12,0.82574991,0.73752117,-0.08822874,seasonal
2020-10-01,24,0.85274352,0.85356870,0.00082518,seasonal
2020-11-01,1,0.62569855,0.62288339,-0.00281516,seasonal
2020-11-01,3,0.66917603,0.64888698,-0.02028905,seasonal
2020-11-01,6,0.73045713,0.68029520,-0.05016192,seasonal
2020-11-01,12,0.84096612,0.75241824,-0.08854787,seasonal
2020-11-01,24,0.85231332,0.86260093,0.01028761,seasonal
2020-12-01,1,0.64653105,0.64113636,-0.00539469,seasonal
2020-12-01,3,0.69323460,0.66769456,-0.02554004,seasonal
2020-12-01,6,0.74488340,0.70385478,-0.04102862,seasonal
2020-12-01,12,0.84936209,0.78536049,-0.06400160,seasonal
2020-12-01,24,0.85285025,0.90228699,0.04943674,seasonal
2021-01-01,1,0.66917603,0.66631963,-0.00285639,seasonal
2021-01-01,3,0.71455219,0.69670129,-0.01785090,seasonal
2021-01-01,6,0.76111673,0.74448895,-0.01662778,seasonal
2021-01-01,12,0.86097655,0.83888294,-0.02209362,seasonal
2021-01-01,24,0.85624743,0.96490818,0.10866075,seasonal
2021-02-01,1,0.69323460,0.68768236,-0.00555224,seasonal
2021-02-01,3,0.73045713,0.72255878,-0.00789834,seasonal
2021-02-01,6,0.78077352,0.77498156,-0.00579195,seasonal
2021-02-01,12,0.87200377,0.87780951,0.00580574,seasonal
2021-02-01,24,0.86057885,1.00424427,0.14366542,seasonal
2021-03-01,1,0.71455219,0.71518959,0.00063740,seasonal
2021-03-01,3,0.74488340,0.75887911,0.01399571,seasonal
2021-03-01,6,0.80541979,0.81820407,0.01278428,seasonal
2021-03-01,12,0.87649648,0.92782395,0.05132747,seasonal
2021-03-01,24,0.86467680,1.05254636,0.18786956,seasonal
2021-04-01,1,0.73045713,0.73618976,0.00573264,seasonal
2021-04-01,3,0.76111673,0.77709632,0.01597960,seasonal
2021-04-01,6,0.82574991,0.83329183,0.00754192,seasonal
2021-04-01,12,0.87709735,0.93946607,0.06236871,seasonal
2021-04-01,24,0.87079384,1.04919029,0.17839645,seasonal
2021-05-01,1,0.74488340,0.74620489,0.00132149,seasonal
2021-05-01,3,0.78077352,0.77675467,-0.00401884,seasonal
2021-05-01,6,0.84096612,0.82117038,-0.01979574,seasonal
2021-05-01,12,0.87185034,0.91112568,0.03927534,seasonal
2021-05-01,24,0.87966327,0.99000063,0.11033737,seasonal
2021-06-01,1,0.76111673,0.75910357,-0.00201316,seasonal
2021-06-01,3,0.80541979,0.78702455,-0.01839524,seasonal
2021-06-01,6,0.84936209,0.82888955,-0.02047254,seasonal
2021-06-01,12,0.86550995,0.91218707,0.04667712,seasonal
2021-06-01,24,0.88797530,0.97821569,0.09024039,seasonal
2021-07-01,1,0.78077352,0.77697933,-0.00379418,seasonal
2021-07-01,3,0.82574991,0.80807525,-0.01767465,seasonal
2021-07-01,6,0.86097655,0.85412653,-0.00685002,seasonal
2021-07-01,12,0.85882234,0.93718056,0.07835822,seasonal
2021-07-01,24,0.89563059,1.00236336,0.10673277,seasonal
2021-08-01,1,0.80541979,0.79965691,-0.00576288,seasonal
2021-08-01,3,0.84096612,0.83607993,-0.00488619,seasonal
2021-08-01,6,0.87200377,0.88961215,0.01760838,seasonal
2021-08-01,12,0.85498390,0.97510032,0.12011642,seasonal
2021-08-01,24,0.90277372,1.04486633,0.14209261,seasonal
2021-09-01,1,0.82574991,0.82927148,0.00352158,seasonal
2021-09-01,3,0.84936209,0.87362497,0.02426289,seasonal
2021-09-01,6,0.87649648,0.93829521,0.06179873,seasonal
2021-09-01,12,0.85304514,1.02977772,0.17673259,seasonal
2021-09-01,24,0.90967070,1.11178678,0.20211609,seasonal
2021-10-01,1,0.84096612,0.84533398,0.00436787,seasonal
2021-10-01,3,0.86097655,0.88600071,0.02502415,seasonal
2021-10-01,6,0.87709735,0.95001610,0.07291875,seasonal
2021-10-01,12,0.85274352,1.03002438,0.17728086,seasonal
2021-10-01,24,0.91747298,1.09365927,0.17618629,seasonal
2021-11-01,1,0.84936209,0.85680847,0.00744638,seasonal
2021-11-01,3,0.87200377,0.89206402,0.02006025,seasonal
2021-11-01,6,0.87185034,0.94423251,0.07238217,seasonal
2021-11-01,12,0.85231332,1.00616724,0.15385392,seasonal
2021-11-01,24,0.92298088,1.04610816,0.12312728,seasonal
2021-12-01,1,0.86097655,0.86038868,-0.00058787,seasonal
2021-12-01,3,0.87649648,0.88726340,0.01076692,seasonal
2021-12-01,6,0.86550995,0.92060812,0.05509816,seasonal
2021-12-01,12,0.85285025,0.95962712,0.10677687,seasonal
2021-12-01,24,0.92932132,0.96713913,0.03781781,seasonal
2022-01-01,1,0.87200377,0.87314321,0.00113944,seasonal
2022-01-01,3,0.87709735,0.89886369,0.02176634,seasonal
2022-01-01,6,0.85882234,0.92723935,0.06841701,seasonal
2022-01-01,12,0.85624743,0.96361372,0.10736629,seasonal
2022-01-01,24,0.93704800,0.99116045,0.05411245,seasonal
2022-02-01,1,0.87649648,0.88407066,0.00757418,seasonal
2022-02-01,3,0.87185034,0.90560685,0.03375651,seasonal
2022-02-01,6,0.85498390,0.93002437,0.07504047,seasonal
2022-02-01,12,0.86057885,0.95907573,0.09849689,seasonal
2022-02-01,24,0.94679424,0.98230277,0.03550853,seasonal
2022-03-01,1,0.87709735,0.88155492,0.00445756,seasonal
2022-03-01,3,0.86550995,0.88906525,0.02355530,seasonal
2022-03-01,6,0.85304514,0.90140879,0.04836365,seasonal
2022-03-01,12,0.86467680,0.91107621,0.04639942,seasonal
2022-03-01,24,0.95680610,0.91754499,-0.03926111,seasonal
2022-04-01,1,0.87185034,0.87717913,0.00532879,seasonal
2022-04-01,3,0.85882234,0.87776533,0.01894299,seasonal
2022-04-01,6,0.85274352,0.88301972,0.03027620,seasonal
2022-04-01,12,0.87079384,0.87992155,0.00912771,seasonal
2022-04-01,24,0.96456606,0.87628981,-0.08827625,seasonal
2022-05-01,1,0.86550995,0.86707208,0.00156213,seasonal
2022-05-01,3,0.85498390,0.86086346,0.00587956,seasonal
2022-05-01,6,0.85231332,0.85621924,0.00390593,seasonal
2022-05-01,12,0.87966327,0.83679732,-0.04286594,seasonal
2022-05-01,24,0.97144097,0.81666839,-0.15477259,seasonal
2022-06-01,1,0.85882234,0.86035911,0.00153677,seasonal
2022-06-01,3,0.85304514,0.85432959,0.00128445,seasonal
2022-06-01,6,0.85285025,0.84436548,-0.00848476,seasonal
2022-06-01,12,0.88797530,0.81953765,-0.06843765,seasonal
2022-06-01,24,0.97509388,0.79729333,-0.17780055,seasonal
2022-07-01,1,0.85498390,0.85361944,-0.00136447,seasonal
2022-07-01,3,0.85274352,0.84629787,-0.00644565,seasonal
2022-07-01,6,0.85624743,0.83301780,-0.02322962,seasonal
2022-07-01,12,0.89563059,0.80219650,-0.09343409,seasonal
2022-07-01,24,0.98091551,0.77758825,-0.20332725,seasonal
2022-08-01,1,0.85304514,0.85270885,-0.00033629,seasonal
2022-08-01,3,0.85231332,0.84694479,-0.00536852,seasonal
2022-08-01,6,0.86057885,0.83685733,-0.02372152,seasonal
2022-08-01,12,0.90277372,0.80919313,-0.09358059,seasonal
2022-08-01,24,0.98556277,0.79483547,-0.19072730,seasonal
2022-09-01,1,0.85274352,0.85073114,-0.00201238,seasonal
2022-09-01,3,0.85285025,0.84383109,-0.00901916,seasonal
2022-09-01,6,0.86467680,0.83440768,-0.03026912,seasonal
2022-09-01,12,0.90967070,0.80905144,-0.10061925,seasonal
2022-09-01,24,0.99122829,0.79961603,-0.19161226,seasonal
2022-10-01,1,0.85231332,0.85049828,-0.00181504,seasonal
2022-10-01,3,0.85624743,0.84089670,-0.01535072,seasonal
2022-10-01,6,0.87079384,0.81860645,-0.05218738,seasonal
2022-10-01,12,0.91747298,0.77061414,-0.14685884,seasonal
2022-10-01,24,0.99539670,0.74420179,-0.25119491,seasonal
